CustomerID,Recency,Frequency,MonetaryValue,AvgOrderValue,AvgBasketSize,TotalQuantity,PreferredProduct,PreferredPayment,PreferredReferral,PreferredStatus,CouponUsage,Cluster
C10002,624,1,1470.03,1470.03,4.0,3,Printer,Cash,Facebook,Returned,Used_Coupon,7
C10054,260,1,153.48,153.48,7.0,2,Laptop,Cash,Instagram,Returned,Used_Coupon,2
C10126,744,1,1349.8,1349.8,4.0,2,Monitor,Online,Facebook,Shipped,Used_Coupon,4
C10154,337,1,1303.04,1303.04,8.0,4,Desk,Gift Card,Email,Shipped,Used_Coupon,1
C10211,418,1,635.9000000000001,635.9000000000001,10.0,5,Desk,Debit Card,Google,Cancelled,Used_Coupon,1
C10222,643,1,204.08,204.08,4.0,1,Laptop,Gift Card,Google,Returned,Used_Coupon,2
C10477,790,1,466.42,466.42,5.0,1,Laptop,Gift Card,Email,Pending,Used_Coupon,2
C10642,384,1,922.74,922.74,5.0,2,Tablet,Cash,Google,Delivered,Used_Coupon,5
C10787,617,1,1099.28,1099.28,9.0,4,Monitor,Debit Card,Email,Delivered,Used_Coupon,4
C10791,559,1,355.09,355.09,5.0,1,Desk,Debit Card,Instagram,Cancelled,Used_Coupon,1
C10866,553,1,789.5699999999999,789.5699999999999,5.0,3,Monitor,Online,Instagram,Delivered,Used_Coupon,4
C10892,346,1,754.94,754.94,7.0,2,Desk,Cash,Google,Pending,Used_Coupon,1
C11127,307,1,1306.65,1306.65,5.0,5,Chair,Credit Card,Referral,Returned,Used_Coupon,3
C11210,295,1,454.6,454.6,9.0,5,Chair,Credit Card,Facebook,Delivered,Used_Coupon,3
C11415,473,1,2876.2,2876.2,7.0,5,Monitor,Cash,Email,Delivered,Used_Coupon,4
C11473,551,1,146.82,146.82,2.0,2,Printer,Online,Google,Shipped,Used_Coupon,7
C11644,711,1,46.66,46.66,6.0,1,Printer,Cash,Google,Cancelled,Used_Coupon,7
C11657,569,1,264.4,264.4,9.0,4,Tablet,Cash,Google,Returned,Used_Coupon,5
C11665,795,1,337.38,337.38,6.0,3,Tablet,Gift Card,Instagram,Shipped,Used_Coupon,5
C11676,20,1,929.0,929.0,2.0,2,Monitor,Online,Instagram,Cancelled,Used_Coupon,4
C11829,58,1,279.14,279.14,4.0,2,Desk,Cash,Facebook,Delivered,Used_Coupon,1
C11849,247,1,476.5,476.5,7.0,2,Tablet,Online,Email,Cancelled,Used_Coupon,5
C11893,284,1,1582.0,1582.0,7.0,5,Laptop,Gift Card,Email,Returned,Used_Coupon,2
C11906,181,1,1237.59,1237.59,6.0,3,Printer,Online,Google,Pending,Used_Coupon,7
C11921,214,1,452.7,452.7,5.0,1,Phone,Debit Card,Instagram,Shipped,Used_Coupon,0
C11940,665,1,448.02,448.02,7.0,3,Tablet,Gift Card,Email,Cancelled,Used_Coupon,5
C11985,633,1,30.44,30.44,1.0,1,Printer,Credit Card,Email,Shipped,Used_Coupon,7
C11998,135,1,1495.98,1495.98,6.0,3,Chair,Cash,Email,Cancelled,Used_Coupon,3
C12039,567,1,132.68,132.68,1.0,1,Laptop,Debit Card,Referral,Returned,Used_Coupon,2
C12245,776,1,815.58,815.58,3.0,2,Monitor,Debit Card,Google,Shipped,Used_Coupon,4
C12301,659,1,531.74,531.74,1.0,1,Tablet,Online,Google,Shipped,Used_Coupon,5
C12388,792,1,2683.6,2683.6,10.0,5,Tablet,Cash,Email,Delivered,Used_Coupon,5
C12408,675,1,161.54,161.54,4.0,2,Monitor,Debit Card,Google,Shipped,Used_Coupon,4
C12421,795,1,93.02,93.02,4.0,1,Tablet,Online,Email,Returned,Used_Coupon,5
C12444,287,1,230.88,230.88,8.0,3,Phone,Cash,Email,Returned,Used_Coupon,0
C12459,298,1,284.16,284.16,4.0,2,Phone,Gift Card,Referral,Delivered,Used_Coupon,0
C12472,492,1,252.93,252.93,3.0,3,Chair,Credit Card,Email,Shipped,Used_Coupon,3
C12479,638,1,124.1,124.1,10.0,5,Monitor,Credit Card,Referral,Shipped,Used_Coupon,4
C12487,540,1,1427.07,1427.07,3.0,3,Tablet,Gift Card,Google,Cancelled,Used_Coupon,5
C12607,818,1,281.52,281.52,6.0,1,Desk,Gift Card,Referral,Shipped,Used_Coupon,1
C12609,583,1,547.32,547.32,8.0,4,Phone,Debit Card,Email,Pending,Used_Coupon,0
C12667,72,1,223.3,223.3,1.0,1,Laptop,Online,Facebook,Returned,Used_Coupon,2
C12740,649,1,644.75,644.75,10.0,5,Desk,Cash,Instagram,Pending,Used_Coupon,1
C12813,108,1,1462.7,1462.7,8.0,5,Laptop,Debit Card,Email,Cancelled,Used_Coupon,2
C12818,566,1,191.04,191.04,6.0,3,Chair,Cash,Facebook,Returned,Used_Coupon,3
C13100,561,1,1177.64,1177.64,4.0,4,Desk,Debit Card,Instagram,Pending,Used_Coupon,1
C13108,432,1,3293.85,3293.85,10.0,5,Laptop,Gift Card,Instagram,Pending,Used_Coupon,2
C13169,594,1,536.07,536.07,5.0,1,Tablet,Debit Card,Google,Delivered,Used_Coupon,5
C13186,672,1,889.68,889.68,7.0,2,Tablet,Online,Facebook,Shipped,Used_Coupon,5
C13205,888,1,2107.1,2107.1,7.0,5,Chair,Debit Card,Instagram,Cancelled,Used_Coupon,3
C13296,759,1,108.82,108.82,6.0,2,Chair,Online,Instagram,Shipped,Used_Coupon,3
C13324,108,1,1199.48,1199.48,2.0,2,Tablet,Gift Card,Instagram,Shipped,Used_Coupon,5
C13366,726,1,2714.2,2714.2,5.0,4,Printer,Cash,Email,Delivered,Used_Coupon,7
C13501,678,1,427.6,427.6,5.0,5,Chair,Gift Card,Facebook,Cancelled,Used_Coupon,3
C13525,383,1,212.79,212.79,5.0,3,Tablet,Debit Card,Referral,Returned,Used_Coupon,5
C13540,758,1,1239.64,1239.64,5.0,4,Printer,Debit Card,Google,Shipped,Used_Coupon,7
C13877,583,1,3384.9,3384.9,5.0,5,Chair,Cash,Facebook,Cancelled,Used_Coupon,3
C13923,632,1,118.8,118.8,6.0,1,Tablet,Online,Email,Delivered,Used_Coupon,5
C14005,547,1,80.46,80.46,4.0,2,Printer,Credit Card,Google,Cancelled,Used_Coupon,7
C14017,784,1,1248.32,1248.32,2.0,2,Phone,Debit Card,Instagram,Shipped,Used_Coupon,0
C14080,369,1,283.69,283.69,6.0,1,Phone,Gift Card,Google,Shipped,Used_Coupon,0
C14114,277,1,1704.06,1704.06,3.0,3,Desk,Online,Instagram,Pending,Used_Coupon,1
C14240,790,1,491.11,491.11,4.0,1,Desk,Credit Card,Facebook,Delivered,Used_Coupon,1
C14427,343,1,533.9,533.9,3.0,2,Laptop,Credit Card,Instagram,Pending,Used_Coupon,2
C14455,570,1,164.85,164.85,8.0,3,Desk,Cash,Referral,Returned,Used_Coupon,1
C14457,398,1,395.4,395.4,8.0,5,Laptop,Cash,Facebook,Pending,Used_Coupon,2
C14552,890,1,1120.0,1120.0,9.0,5,Monitor,Cash,Google,Returned,Used_Coupon,4
C14553,295,1,440.1899999999999,440.1899999999999,8.0,3,Tablet,Cash,Email,Delivered,Used_Coupon,5
C14568,871,1,885.32,885.32,5.0,4,Laptop,Online,Google,Pending,Used_Coupon,2
C14576,439,1,2156.8,2156.8,8.0,4,Desk,Credit Card,Google,Pending,Used_Coupon,1
C14600,712,1,441.8,441.8,4.0,2,Printer,Gift Card,Email,Shipped,Used_Coupon,7
C14683,20,1,1069.34,1069.34,7.0,2,Desk,Debit Card,Referral,Shipped,Used_Coupon,1
C14737,899,1,581.64,581.64,7.0,4,Tablet,Credit Card,Email,Returned,Used_Coupon,5
C14837,822,1,183.18,183.18,6.0,1,Monitor,Debit Card,Email,Cancelled,Used_Coupon,4
C14847,194,2,1097.81,548.905,4.0,5,Laptop,Cash,Email,Pending,Used_Coupon,6
C14891,465,1,1654.96,1654.96,7.0,4,Chair,Gift Card,Instagram,Returned,Used_Coupon,3
C14983,720,1,17.24,17.24,2.0,1,Tablet,Online,Instagram,Pending,Used_Coupon,5
C15017,60,1,675.57,675.57,1.0,1,Tablet,Cash,Facebook,Shipped,Used_Coupon,5
C15063,428,1,426.1,426.1,7.0,5,Chair,Credit Card,Email,Cancelled,Used_Coupon,3
C15146,684,1,190.55,190.55,6.0,5,Laptop,Debit Card,Instagram,Cancelled,Used_Coupon,2
C15228,498,1,1422.42,1422.42,8.0,3,Tablet,Gift Card,Google,Shipped,Used_Coupon,5
C15257,102,1,580.2,580.2,6.0,4,Chair,Online,Google,Delivered,Used_Coupon,3
C15283,584,1,381.02,381.02,6.0,1,Printer,Cash,Google,Shipped,Used_Coupon,7
C15624,161,1,3097.6,3097.6,9.0,5,Tablet,Debit Card,Email,Pending,Used_Coupon,5
C15629,807,1,912.4499999999999,912.4499999999999,3.0,3,Printer,Gift Card,Instagram,Shipped,Used_Coupon,7
C15681,679,1,2161.64,2161.64,6.0,4,Laptop,Credit Card,Referral,Cancelled,Used_Coupon,2
C15849,190,1,525.43,525.43,2.0,1,Chair,Cash,Instagram,Cancelled,Used_Coupon,3
C15924,194,1,245.89,245.89,3.0,1,Laptop,Debit Card,Google,Delivered,Used_Coupon,2
C16012,95,1,630.82,630.82,5.0,1,Tablet,Online,Google,Delivered,Used_Coupon,5
C16253,8,1,399.4,399.4,4.0,2,Laptop,Cash,Email,Pending,Used_Coupon,2
C16400,266,1,628.4399999999999,628.4399999999999,4.0,3,Laptop,Debit Card,Email,Pending,Used_Coupon,2
C16429,462,1,679.65,679.65,6.0,1,Desk,Debit Card,Google,Shipped,Used_Coupon,1
C16612,104,1,600.54,600.54,4.0,1,Desk,Debit Card,Google,Pending,Used_Coupon,1
C16675,22,1,857.4,857.4,7.0,4,Printer,Debit Card,Referral,Cancelled,Used_Coupon,7
C16693,146,1,949.72,949.72,8.0,4,Monitor,Cash,Referral,Cancelled,Used_Coupon,4
C16702,674,1,1390.17,1390.17,3.0,3,Monitor,Credit Card,Facebook,Returned,Used_Coupon,4
C16758,242,1,188.31,188.31,6.0,3,Tablet,Gift Card,Referral,Shipped,Used_Coupon,5
C16775,827,1,3353.75,3353.75,8.0,5,Printer,Gift Card,Instagram,Shipped,Used_Coupon,7
C16776,666,1,320.0,320.0,4.0,2,Laptop,Cash,Instagram,Pending,Used_Coupon,2
C16790,815,1,258.96,258.96,8.0,4,Laptop,Gift Card,Google,Cancelled,Used_Coupon,2
C17075,341,1,1259.04,1259.04,8.0,4,Tablet,Online,Instagram,Shipped,Used_Coupon,5
C17103,543,1,1278.36,1278.36,5.0,3,Printer,Online,Instagram,Delivered,Used_Coupon,7
C17132,206,1,386.03,386.03,4.0,1,Desk,Online,Google,Pending,Used_Coupon,1
C17136,706,1,641.96,641.96,8.0,4,Chair,Credit Card,Referral,Shipped,Used_Coupon,3
C17181,126,1,2276.65,2276.65,8.0,5,Printer,Credit Card,Google,Cancelled,Used_Coupon,7
C17269,790,1,1733.8,1733.8,4.0,4,Monitor,Gift Card,Facebook,Cancelled,Used_Coupon,4
C17302,707,1,359.99,359.99,5.0,1,Phone,Gift Card,Email,Cancelled,Used_Coupon,0
C17388,507,1,317.25,317.25,1.0,1,Chair,Debit Card,Facebook,Returned,Used_Coupon,3
C17389,233,1,522.08,522.08,5.0,1,Monitor,Gift Card,Referral,Returned,Used_Coupon,4
C17470,244,1,461.9,461.9,3.0,2,Laptop,Online,Referral,Delivered,Used_Coupon,2
C17551,79,1,518.39,518.39,4.0,1,Laptop,Debit Card,Instagram,Pending,Used_Coupon,2
C17591,641,1,479.76,479.76,1.0,1,Tablet,Credit Card,Email,Pending,Used_Coupon,5
C17921,862,1,1210.6,1210.6,8.0,4,Desk,Credit Card,Referral,Cancelled,Used_Coupon,1
C17966,623,1,185.74,185.74,5.0,2,Printer,Credit Card,Facebook,Pending,Used_Coupon,7
C18037,846,1,140.68,140.68,3.0,2,Laptop,Gift Card,Email,Cancelled,Used_Coupon,2
C18076,578,1,1766.22,1766.22,8.0,3,Phone,Debit Card,Email,Pending,Used_Coupon,0
C18104,228,1,635.9000000000001,635.9000000000001,9.0,5,Chair,Cash,Referral,Cancelled,Used_Coupon,3
C18105,249,1,2332.08,2332.08,4.0,4,Laptop,Online,Facebook,Delivered,Used_Coupon,2
C18138,817,1,1618.38,1618.38,4.0,3,Printer,Credit Card,Facebook,Shipped,Used_Coupon,7
C18167,471,1,887.84,887.84,7.0,4,Desk,Cash,Google,Delivered,Used_Coupon,1
C18169,59,1,929.84,929.84,2.0,2,Tablet,Debit Card,Facebook,Returned,Used_Coupon,5
C18187,225,1,605.28,605.28,3.0,1,Laptop,Gift Card,Referral,Shipped,Used_Coupon,2
C18353,28,1,1299.99,1299.99,4.0,3,Tablet,Credit Card,Referral,Cancelled,Used_Coupon,5
C18404,854,1,3370.2,3370.2,7.0,5,Tablet,Online,Google,Cancelled,Used_Coupon,5
C18473,17,1,840.58,840.58,3.0,2,Chair,Gift Card,Google,Returned,Used_Coupon,3
C18567,647,1,365.84,365.84,9.0,4,Printer,Cash,Referral,Cancelled,Used_Coupon,7
C18583,681,1,1822.1,1822.1,10.0,5,Phone,Credit Card,Referral,Cancelled,Used_Coupon,0
C18717,828,1,2793.15,2793.15,8.0,5,Printer,Cash,Referral,Pending,Used_Coupon,7
C18724,387,1,616.1,616.1,6.0,1,Chair,Cash,Email,Returned,Used_Coupon,3
C18820,750,1,2573.0,2573.0,10.0,5,Monitor,Gift Card,Instagram,Delivered,Used_Coupon,4
C18826,672,1,1443.3,1443.3,3.0,3,Monitor,Credit Card,Facebook,Returned,Used_Coupon,4
C18944,893,1,1575.2,1575.2,7.0,4,Chair,Credit Card,Email,Pending,Used_Coupon,3
C18984,453,1,1767.9,1767.9,6.0,3,Tablet,Credit Card,Referral,Returned,Used_Coupon,5
C19071,127,1,1352.94,1352.94,8.0,3,Tablet,Credit Card,Referral,Shipped,Used_Coupon,5
C19266,850,1,442.17,442.17,3.0,3,Desk,Debit Card,Email,Returned,Used_Coupon,1
C19368,74,1,646.44,646.44,7.0,2,Tablet,Credit Card,Instagram,Delivered,Used_Coupon,5
C19384,555,1,351.16,351.16,6.0,4,Tablet,Cash,Instagram,Cancelled,Used_Coupon,5
C19402,560,1,1204.68,1204.68,6.0,4,Printer,Online,Email,Cancelled,Used_Coupon,7
C19439,26,1,440.34,440.34,2.0,1,Desk,Gift Card,Facebook,Shipped,Used_Coupon,1
C19451,191,1,2357.76,2357.76,5.0,4,Tablet,Gift Card,Facebook,Returned,Used_Coupon,5
C19648,284,1,2673.44,2673.44,5.0,4,Phone,Gift Card,Facebook,Cancelled,Used_Coupon,0
C19722,396,1,596.24,596.24,4.0,1,Laptop,Credit Card,Instagram,Returned,Used_Coupon,2
C19742,657,1,332.09,332.09,5.0,1,Tablet,Gift Card,Instagram,Returned,Used_Coupon,5
C19759,180,1,1176.6,1176.6,2.0,2,Chair,Online,Email,Pending,Used_Coupon,3
C19937,36,1,438.34,438.34,5.0,1,Printer,Gift Card,Facebook,Returned,Used_Coupon,7
C20077,482,1,2372.88,2372.88,8.0,4,Monitor,Credit Card,Facebook,Cancelled,Used_Coupon,4
C20095,484,1,1325.06,1325.06,5.0,2,Monitor,Online,Facebook,Cancelled,Used_Coupon,4
C20124,561,1,177.46,177.46,5.0,2,Printer,Online,Google,Pending,Used_Coupon,7
C20212,574,1,1834.35,1834.35,4.0,3,Monitor,Gift Card,Instagram,Pending,Used_Coupon,4
C20256,202,1,1616.22,1616.22,6.0,3,Tablet,Online,Email,Shipped,Used_Coupon,5
C20257,550,1,1343.9,1343.9,7.0,5,Tablet,Debit Card,Email,Delivered,Used_Coupon,5
C20286,288,1,571.9,571.9,1.0,1,Monitor,Gift Card,Instagram,Pending,Used_Coupon,4
C20338,189,1,370.85,370.85,2.0,1,Monitor,Gift Card,Referral,Delivered,Used_Coupon,4
C20357,384,1,2077.32,2077.32,8.0,3,Phone,Debit Card,Google,Cancelled,Used_Coupon,0
C20448,686,1,296.44,296.44,7.0,2,Tablet,Credit Card,Instagram,Delivered,Used_Coupon,5
C20512,713,1,2763.12,2763.12,9.0,4,Laptop,Credit Card,Referral,Shipped,Used_Coupon,2
C20624,108,1,479.56,479.56,1.0,1,Phone,Gift Card,Google,Returned,Used_Coupon,0
C20643,501,1,2011.96,2011.96,4.0,4,Laptop,Debit Card,Referral,Shipped,Used_Coupon,2
C20670,448,1,935.82,935.82,5.0,2,Printer,Gift Card,Facebook,Returned,Used_Coupon,7
C20731,774,1,1777.76,1777.76,8.0,4,Printer,Debit Card,Google,Cancelled,Used_Coupon,7
C20752,557,1,572.13,572.13,4.0,1,Printer,Debit Card,Google,Cancelled,Used_Coupon,7
C20817,777,1,3078.35,3078.35,6.0,5,Chair,Online,Email,Pending,Used_Coupon,3
C20861,43,1,2441.75,2441.75,9.0,5,Phone,Debit Card,Email,Returned,Used_Coupon,0
C20881,714,1,1288.1,1288.1,5.0,2,Laptop,Gift Card,Referral,Cancelled,Used_Coupon,2
C20977,751,1,1740.48,1740.48,9.0,4,Chair,Credit Card,Instagram,Delivered,Used_Coupon,3
C21043,348,1,694.5,694.5,3.0,1,Phone,Credit Card,Facebook,Pending,Used_Coupon,0
C21126,376,1,107.04,107.04,6.0,1,Desk,Credit Card,Google,Cancelled,Used_Coupon,1
C21147,746,1,335.1,335.1,6.0,1,Chair,Debit Card,Referral,Pending,Used_Coupon,3
C21167,871,1,2235.6,2235.6,9.0,4,Monitor,Gift Card,Google,Shipped,Used_Coupon,4
C21181,450,1,1350.2,1350.2,4.0,2,Tablet,Cash,Google,Pending,Used_Coupon,5
C21191,46,2,647.77,323.885,2.0,3,Laptop,Credit Card,Referral,Delivered,Used_Coupon,6
C21227,874,1,590.87,590.87,6.0,1,Chair,Gift Card,Referral,Returned,Used_Coupon,3
C21437,417,1,222.73,222.73,4.0,1,Phone,Online,Google,Returned,Used_Coupon,0
C21665,640,1,1700.72,1700.72,8.0,4,Chair,Online,Facebook,Returned,Used_Coupon,3
C21905,558,1,298.06,298.06,3.0,1,Tablet,Debit Card,Google,Pending,Used_Coupon,5
C21944,482,1,297.75,297.75,6.0,5,Laptop,Online,Referral,Delivered,Used_Coupon,2
C21953,285,1,250.46,250.46,3.0,2,Laptop,Cash,Email,Cancelled,Used_Coupon,2
C22101,840,1,265.2,265.2,4.0,2,Chair,Debit Card,Email,Cancelled,Used_Coupon,3
C22123,646,1,672.89,672.89,1.0,1,Tablet,Credit Card,Email,Pending,Used_Coupon,5
C22167,681,1,2178.3,2178.3,9.0,5,Tablet,Online,Facebook,Pending,Used_Coupon,5
C22429,730,1,604.8,604.8,9.0,4,Chair,Gift Card,Facebook,Pending,Used_Coupon,3
C22534,893,1,529.19,529.19,5.0,1,Chair,Cash,Referral,Cancelled,Used_Coupon,3
C22657,551,1,1901.91,1901.91,7.0,3,Printer,Cash,Facebook,Pending,Used_Coupon,7
C22783,293,1,2771.64,2771.64,9.0,4,Phone,Credit Card,Instagram,Pending,Used_Coupon,0
C22919,52,1,195.86,195.86,3.0,1,Tablet,Online,Facebook,Pending,Used_Coupon,5
C22981,442,1,472.2,472.2,7.0,3,Desk,Debit Card,Email,Cancelled,Used_Coupon,1
C22991,92,1,252.68,252.68,1.0,1,Phone,Online,Referral,Cancelled,Used_Coupon,0
C23279,707,1,87.34,87.34,4.0,2,Monitor,Cash,Instagram,Returned,Used_Coupon,4
C23334,411,1,331.06,331.06,5.0,1,Tablet,Credit Card,Instagram,Pending,Used_Coupon,5
C23405,312,1,2780.4,2780.4,8.0,4,Phone,Debit Card,Email,Returned,Used_Coupon,0
C23555,624,1,1633.44,1633.44,4.0,4,Desk,Gift Card,Referral,Cancelled,Used_Coupon,1
C23637,762,1,553.56,553.56,5.0,1,Tablet,Credit Card,Referral,Cancelled,Used_Coupon,5
C23899,97,1,1358.45,1358.45,7.0,5,Desk,Online,Instagram,Returned,Used_Coupon,1
C23917,796,1,127.55,127.55,3.0,1,Printer,Cash,Referral,Shipped,Used_Coupon,7
C23947,775,1,120.98,120.98,6.0,1,Laptop,Debit Card,Email,Delivered,Used_Coupon,2
C23978,274,1,576.35,576.35,1.0,1,Monitor,Gift Card,Instagram,Returned,Used_Coupon,4
C24047,787,1,937.8,937.8,9.0,4,Monitor,Online,Instagram,Cancelled,Used_Coupon,4
C24212,632,1,322.08,322.08,5.0,3,Phone,Gift Card,Google,Delivered,Used_Coupon,0
C24301,248,1,1284.08,1284.08,4.0,2,Phone,Gift Card,Email,Delivered,Used_Coupon,0
C24347,135,1,646.9,646.9,5.0,2,Laptop,Credit Card,Instagram,Returned,Used_Coupon,2
C24369,475,1,1079.19,1079.19,7.0,3,Laptop,Debit Card,Email,Returned,Used_Coupon,2
C24751,572,1,2506.3,2506.3,10.0,5,Tablet,Gift Card,Referral,Shipped,Used_Coupon,5
C24765,362,1,719.72,719.72,4.0,2,Desk,Debit Card,Referral,Cancelled,Used_Coupon,1
C24769,604,1,57.1,57.1,7.0,2,Laptop,Gift Card,Email,Shipped,Used_Coupon,2
C24884,344,1,260.26,260.26,5.0,1,Monitor,Online,Instagram,Pending,Used_Coupon,4
C24901,788,1,299.7,299.7,8.0,3,Chair,Cash,Facebook,Delivered,Used_Coupon,3
C25110,1,1,126.42,126.42,4.0,2,Tablet,Online,Google,Cancelled,Used_Coupon,5
C25123,767,1,629.21,629.21,2.0,1,Desk,Gift Card,Instagram,Pending,Used_Coupon,1
C25149,641,1,1054.48,1054.48,5.0,4,Tablet,Cash,Email,Shipped,Used_Coupon,5
C25162,600,1,688.36,688.36,7.0,2,Tablet,Credit Card,Referral,Shipped,Used_Coupon,5
C25268,119,1,665.11,665.11,3.0,1,Printer,Cash,Instagram,Pending,Used_Coupon,7
C25276,767,1,3313.9,3313.9,9.0,5,Laptop,Debit Card,Instagram,Shipped,Used_Coupon,2
C25316,369,1,79.06,79.06,3.0,2,Printer,Credit Card,Google,Shipped,Used_Coupon,7
C25382,738,1,454.35,454.35,5.0,5,Phone,Cash,Instagram,Pending,Used_Coupon,0
C25406,195,1,161.24,161.24,3.0,1,Desk,Credit Card,Instagram,Pending,Used_Coupon,1
C25445,153,1,658.5,658.5,8.0,5,Laptop,Cash,Google,Shipped,Used_Coupon,2
C25503,566,1,211.14,211.14,5.0,2,Phone,Debit Card,Google,Returned,Used_Coupon,0
C25534,890,1,984.2,984.2,5.0,5,Desk,Credit Card,Instagram,Delivered,Used_Coupon,1
C25580,852,1,1563.36,1563.36,9.0,4,Phone,Credit Card,Referral,Cancelled,Used_Coupon,0
C25587,204,1,48.4,48.4,8.0,4,Printer,Debit Card,Google,Cancelled,Used_Coupon,7
C25783,101,1,1253.4,1253.4,8.0,5,Desk,Cash,Instagram,Shipped,Used_Coupon,1
C25841,398,1,904.6500000000001,904.6500000000001,5.0,3,Monitor,Debit Card,Google,Delivered,Used_Coupon,4
C25918,698,1,666.9499999999999,666.9499999999999,6.0,5,Laptop,Credit Card,Referral,Delivered,Used_Coupon,2
C25967,532,1,1709.8,1709.8,6.0,5,Tablet,Debit Card,Email,Delivered,Used_Coupon,5
C26118,828,1,144.78,144.78,7.0,2,Laptop,Online,Instagram,Delivered,Used_Coupon,2
C26137,111,1,856.18,856.18,6.0,2,Tablet,Credit Card,Instagram,Returned,Used_Coupon,5
C26152,382,1,972.7,972.7,6.0,2,Phone,Online,Referral,Pending,Used_Coupon,0
C26163,363,1,625.1,625.1,9.0,5,Desk,Debit Card,Google,Pending,Used_Coupon,1
C26188,803,1,618.68,618.68,6.0,1,Chair,Online,Referral,Delivered,Used_Coupon,3
C26210,582,1,1334.25,1334.25,6.0,3,Laptop,Cash,Facebook,Delivered,Used_Coupon,2
C26223,270,1,657.07,657.07,4.0,1,Tablet,Cash,Google,Pending,Used_Coupon,5
C26340,475,1,369.2,369.2,7.0,2,Desk,Gift Card,Email,Delivered,Used_Coupon,1
C26364,807,1,1314.24,1314.24,4.0,4,Laptop,Debit Card,Email,Returned,Used_Coupon,2
C26445,732,1,1500.24,1500.24,6.0,3,Chair,Debit Card,Facebook,Returned,Used_Coupon,3
C26637,670,1,869.8000000000001,869.8000000000001,8.0,5,Chair,Debit Card,Instagram,Pending,Used_Coupon,3
C26718,152,1,1052.36,1052.36,8.0,4,Printer,Debit Card,Google,Shipped,Used_Coupon,7
C26767,691,1,303.6,303.6,5.0,1,Printer,Cash,Facebook,Shipped,Used_Coupon,7
C26817,90,1,268.56,268.56,2.0,2,Phone,Gift Card,Email,Cancelled,Used_Coupon,0
C26966,787,1,1872.9,1872.9,10.0,5,Printer,Gift Card,Instagram,Cancelled,Used_Coupon,7
C27070,267,1,2612.52,2612.52,8.0,4,Laptop,Credit Card,Instagram,Shipped,Used_Coupon,2
C27072,16,1,463.11,463.11,4.0,3,Chair,Gift Card,Instagram,Delivered,Used_Coupon,3
C27078,241,1,1181.9,1181.9,7.0,5,Desk,Credit Card,Facebook,Returned,Used_Coupon,1
C27202,316,1,3267.35,3267.35,10.0,5,Chair,Credit Card,Referral,Cancelled,Used_Coupon,3
C27203,866,1,1040.85,1040.85,6.0,5,Laptop,Credit Card,Facebook,Returned,Used_Coupon,2
C27305,341,1,1390.58,1390.58,6.0,2,Chair,Credit Card,Instagram,Pending,Used_Coupon,3
C27401,219,1,1619.73,1619.73,8.0,3,Laptop,Credit Card,Email,Delivered,Used_Coupon,2
C27430,147,1,474.25,474.25,6.0,5,Printer,Cash,Email,Shipped,Used_Coupon,7
C27435,400,1,2104.9,2104.9,7.0,5,Tablet,Cash,Facebook,Delivered,Used_Coupon,5
C27438,598,1,70.32,70.32,4.0,1,Printer,Cash,Facebook,Returned,Used_Coupon,7
C27613,369,1,2462.6,2462.6,9.0,4,Tablet,Debit Card,Google,Delivered,Used_Coupon,5
C27898,631,1,2513.55,2513.55,7.0,5,Printer,Gift Card,Google,Shipped,Used_Coupon,7
C28049,772,1,1293.38,1293.38,7.0,2,Printer,Debit Card,Instagram,Shipped,Used_Coupon,7
C28152,50,1,1714.59,1714.59,6.0,3,Desk,Debit Card,Facebook,Delivered,Used_Coupon,1
C28386,451,1,277.09,277.09,2.0,1,Desk,Cash,Referral,Returned,Used_Coupon,1
C28406,45,1,23.53,23.53,2.0,1,Chair,Gift Card,Instagram,Delivered,Used_Coupon,3
C28552,126,1,29.86,29.86,4.0,2,Chair,Online,Facebook,Shipped,Used_Coupon,3
C28648,429,1,1895.44,1895.44,7.0,4,Monitor,Debit Card,Facebook,Delivered,Used_Coupon,4
C28712,421,1,303.32,303.32,6.0,2,Printer,Cash,Instagram,Cancelled,Used_Coupon,7
C28740,732,1,1670.97,1670.97,4.0,3,Chair,Online,Facebook,Cancelled,Used_Coupon,3
C28828,147,1,395.88,395.88,8.0,3,Desk,Credit Card,Instagram,Pending,Used_Coupon,1
C28889,119,1,258.87,258.87,6.0,3,Chair,Cash,Instagram,Delivered,Used_Coupon,3
C28893,233,1,620.21,620.21,1.0,1,Tablet,Online,Referral,Returned,Used_Coupon,5
C28976,889,1,1067.62,1067.62,3.0,2,Printer,Credit Card,Email,Pending,Used_Coupon,7
C29041,735,1,1768.68,1768.68,6.0,3,Phone,Online,Facebook,Returned,Used_Coupon,0
C29059,160,1,1503.9,1503.9,3.0,3,Desk,Online,Facebook,Cancelled,Used_Coupon,1
C29063,275,1,478.75,478.75,8.0,5,Chair,Online,Instagram,Shipped,Used_Coupon,3
C29072,844,1,687.98,687.98,4.0,2,Laptop,Online,Google,Delivered,Used_Coupon,2
C29092,398,1,60.04,60.04,6.0,4,Chair,Cash,Facebook,Cancelled,Used_Coupon,3
C29314,754,1,788.6,788.6,6.0,2,Monitor,Cash,Email,Shipped,Used_Coupon,4
C29318,354,1,24.48,24.48,1.0,1,Monitor,Gift Card,Instagram,Returned,Used_Coupon,4
C29405,112,1,448.74,448.74,3.0,2,Phone,Debit Card,Referral,Delivered,Used_Coupon,0
C29416,156,1,150.17,150.17,1.0,1,Laptop,Debit Card,Referral,Returned,Used_Coupon,2
C29432,777,1,1406.22,1406.22,4.0,3,Chair,Cash,Instagram,Pending,Used_Coupon,3
C29467,755,1,191.76,191.76,1.0,1,Chair,Credit Card,Instagram,Returned,Used_Coupon,3
C29483,314,1,1222.88,1222.88,5.0,4,Desk,Online,Facebook,Delivered,Used_Coupon,1
C29568,386,1,194.44,194.44,7.0,4,Printer,Online,Facebook,Shipped,Used_Coupon,7
C29620,615,1,460.13,460.13,1.0,1,Phone,Credit Card,Google,Returned,Used_Coupon,0
C29685,524,1,1923.45,1923.45,6.0,5,Chair,Credit Card,Email,Pending,Used_Coupon,3
C29697,388,1,401.82,401.82,5.0,1,Tablet,Credit Card,Google,Shipped,Used_Coupon,5
C29701,77,1,61.62,61.62,3.0,3,Chair,Credit Card,Instagram,Cancelled,Used_Coupon,3
C29703,562,1,2790.0,2790.0,7.0,4,Desk,Cash,Referral,Shipped,Used_Coupon,1
C29758,651,1,798.64,798.64,6.0,2,Chair,Online,Instagram,Pending,Used_Coupon,3
C29844,73,1,877.24,877.24,3.0,2,Tablet,Cash,Facebook,Cancelled,Used_Coupon,5
C29885,590,1,568.3199999999999,568.3199999999999,4.0,3,Printer,Cash,Email,Pending,Used_Coupon,7
C29905,471,1,1067.9,1067.9,5.0,2,Desk,Online,Google,Delivered,Used_Coupon,1
C29914,332,1,133.39,133.39,2.0,1,Laptop,Debit Card,Referral,Shipped,Used_Coupon,2
C29931,636,1,612.36,612.36,4.0,4,Desk,Online,Referral,Delivered,Used_Coupon,1
C30010,67,1,382.23,382.23,7.0,3,Phone,Gift Card,Referral,Delivered,Used_Coupon,0
C30168,311,1,933.99,933.99,3.0,3,Phone,Cash,Instagram,Cancelled,Used_Coupon,0
C30184,642,1,427.06,427.06,1.0,1,Monitor,Online,Referral,Cancelled,Used_Coupon,4
C30334,572,1,267.1,267.1,7.0,2,Phone,Cash,Facebook,Pending,Used_Coupon,0
C30411,70,1,2551.16,2551.16,9.0,4,Printer,Gift Card,Google,Cancelled,Used_Coupon,7
C30477,80,1,201.58,201.58,2.0,1,Printer,Debit Card,Email,Cancelled,Used_Coupon,7
C30513,296,1,586.44,586.44,5.0,1,Tablet,Online,Facebook,Returned,Used_Coupon,5
C30643,385,1,918.8700000000001,918.8700000000001,7.0,3,Laptop,Credit Card,Instagram,Returned,Used_Coupon,2
C30686,18,1,1614.32,1614.32,9.0,4,Printer,Online,Referral,Pending,Used_Coupon,7
C30711,528,1,278.66,278.66,2.0,1,Monitor,Gift Card,Instagram,Cancelled,Used_Coupon,4
C30722,643,1,1333.9,1333.9,5.0,5,Desk,Gift Card,Email,Cancelled,Used_Coupon,1
C30923,885,1,654.27,654.27,2.0,1,Laptop,Gift Card,Facebook,Pending,Used_Coupon,2
C30955,604,1,167.6,167.6,9.0,4,Phone,Gift Card,Instagram,Pending,Used_Coupon,0
C31072,441,1,916.4,916.4,8.0,4,Laptop,Gift Card,Email,Returned,Used_Coupon,2
C31105,782,1,583.99,583.99,2.0,1,Chair,Cash,Email,Cancelled,Used_Coupon,3
C31371,571,1,507.36,507.36,6.0,2,Printer,Gift Card,Referral,Shipped,Used_Coupon,7
C31412,364,1,2042.32,2042.32,7.0,4,Monitor,Credit Card,Email,Returned,Used_Coupon,4
C31501,4,1,1764.15,1764.15,8.0,3,Desk,Gift Card,Instagram,Delivered,Used_Coupon,1
C31668,403,1,569.35,569.35,6.0,5,Laptop,Credit Card,Email,Pending,Used_Coupon,2
C31761,242,1,2600.16,2600.16,6.0,4,Chair,Gift Card,Facebook,Cancelled,Used_Coupon,3
C31764,207,1,655.09,655.09,6.0,1,Tablet,Cash,Referral,Pending,Used_Coupon,5
C31772,721,1,693.41,693.41,4.0,1,Phone,Debit Card,Instagram,Shipped,Used_Coupon,0
C31810,880,1,178.44,178.44,2.0,1,Phone,Credit Card,Google,Cancelled,Used_Coupon,0
C31946,588,1,2037.52,2037.52,6.0,4,Desk,Credit Card,Google,Shipped,Used_Coupon,1
C32011,125,1,628.89,628.89,2.0,1,Chair,Credit Card,Referral,Returned,Used_Coupon,3
C32029,329,1,701.44,701.44,4.0,4,Printer,Debit Card,Instagram,Delivered,Used_Coupon,7
C32121,139,1,795.24,795.24,9.0,4,Laptop,Cash,Referral,Returned,Used_Coupon,2
C32183,127,1,1985.67,1985.67,6.0,3,Desk,Online,Referral,Cancelled,Used_Coupon,1
C32347,566,1,249.81,249.81,1.0,1,Printer,Cash,Google,Pending,Used_Coupon,7
C32570,624,1,11.39,11.39,6.0,1,Phone,Cash,Email,Cancelled,Used_Coupon,0
C32580,582,1,1874.95,1874.95,9.0,5,Phone,Online,Facebook,Shipped,Used_Coupon,0
C32650,400,1,1210.52,1210.52,4.0,2,Monitor,Cash,Referral,Cancelled,Used_Coupon,4
C32687,197,1,852.44,852.44,7.0,2,Laptop,Online,Google,Delivered,Used_Coupon,2
C32798,289,1,993.24,993.24,2.0,2,Phone,Online,Instagram,Pending,Used_Coupon,0
C32854,862,1,65.45,65.45,2.0,1,Desk,Cash,Google,Pending,Used_Coupon,1
C32943,662,1,824.28,824.28,2.0,2,Desk,Credit Card,Instagram,Returned,Used_Coupon,1
C32956,342,1,2715.8,2715.8,6.0,5,Laptop,Online,Instagram,Cancelled,Used_Coupon,2
C32960,578,1,2223.8,2223.8,7.0,5,Printer,Debit Card,Email,Returned,Used_Coupon,7
C33051,434,1,883.08,883.08,2.0,2,Phone,Online,Email,Delivered,Used_Coupon,0
C33099,185,1,241.9,241.9,9.0,5,Laptop,Gift Card,Email,Delivered,Used_Coupon,2
C33110,31,1,1584.42,1584.42,3.0,3,Chair,Online,Email,Delivered,Used_Coupon,3
C33220,866,1,1852.16,1852.16,9.0,4,Tablet,Gift Card,Instagram,Returned,Used_Coupon,5
C33260,284,1,1270.59,1270.59,6.0,3,Desk,Credit Card,Referral,Delivered,Used_Coupon,1
C33313,63,1,1738.65,1738.65,8.0,3,Phone,Gift Card,Facebook,Returned,Used_Coupon,0
C33315,387,1,1687.65,1687.65,6.0,3,Printer,Debit Card,Email,Returned,Used_Coupon,7
C33540,625,1,273.19,273.19,5.0,1,Chair,Debit Card,Facebook,Returned,Used_Coupon,3
C33634,882,1,2355.4,2355.4,7.0,4,Monitor,Gift Card,Email,Pending,Used_Coupon,4
C33729,823,1,1978.71,1978.71,6.0,3,Monitor,Credit Card,Email,Cancelled,Used_Coupon,4
C33744,784,1,2307.48,2307.48,5.0,4,Chair,Gift Card,Instagram,Returned,Used_Coupon,3
C33802,338,1,604.87,604.87,4.0,1,Monitor,Online,Instagram,Delivered,Used_Coupon,4
C34134,86,1,254.12,254.12,1.0,1,Printer,Online,Email,Delivered,Used_Coupon,7
C34266,126,1,2519.52,2519.52,8.0,4,Monitor,Debit Card,Instagram,Cancelled,Used_Coupon,4
C34337,344,1,950.5500000000001,950.5500000000001,7.0,5,Phone,Cash,Google,Delivered,Used_Coupon,0
C34416,884,1,99.24,99.24,2.0,2,Monitor,Online,Google,Pending,Used_Coupon,4
C34555,842,1,372.8,372.8,6.0,1,Chair,Cash,Facebook,Cancelled,Used_Coupon,3
C34686,95,1,68.39,68.39,3.0,1,Tablet,Online,Facebook,Returned,Used_Coupon,5
C35043,118,1,132.15,132.15,5.0,5,Monitor,Gift Card,Facebook,Shipped,Used_Coupon,4
C35091,459,1,211.14,211.14,1.0,1,Monitor,Credit Card,Facebook,Cancelled,Used_Coupon,4
C35100,198,1,639.82,639.82,3.0,2,Phone,Credit Card,Google,Cancelled,Used_Coupon,0
C35117,56,1,1395.86,1395.86,2.0,2,Desk,Credit Card,Google,Cancelled,Used_Coupon,1
C35123,383,1,1546.92,1546.92,4.0,4,Phone,Cash,Facebook,Delivered,Used_Coupon,0
C35136,834,1,634.94,634.94,5.0,1,Laptop,Online,Instagram,Cancelled,Used_Coupon,2
C35168,889,1,1199.72,1199.72,7.0,2,Tablet,Gift Card,Facebook,Pending,Used_Coupon,5
C35355,437,1,1327.6,1327.6,5.0,4,Printer,Cash,Instagram,Pending,Used_Coupon,7
C35377,766,1,3119.05,3119.05,6.0,5,Phone,Cash,Email,Returned,Used_Coupon,0
C35397,38,1,331.55,331.55,7.0,5,Printer,Gift Card,Referral,Pending,Used_Coupon,7
C35483,304,1,671.0999999999999,671.0999999999999,3.0,3,Printer,Cash,Email,Returned,Used_Coupon,7
C35566,868,1,258.76,258.76,7.0,4,Laptop,Debit Card,Google,Shipped,Used_Coupon,2
C35628,219,1,1660.71,1660.71,4.0,3,Chair,Credit Card,Facebook,Returned,Used_Coupon,3
C35669,375,1,2894.15,2894.15,6.0,5,Printer,Cash,Referral,Returned,Used_Coupon,7
C35711,304,1,1308.48,1308.48,4.0,4,Monitor,Credit Card,Email,Cancelled,Used_Coupon,4
C35785,450,1,427.82,427.82,2.0,1,Printer,Online,Email,Delivered,Used_Coupon,7
C35852,121,2,1248.39,624.195,5.5,7,Monitor,Online,Instagram,Pending,Used_Coupon,6
C35854,672,1,939.85,939.85,9.0,5,Tablet,Cash,Google,Returned,Used_Coupon,5
C35983,478,1,3137.15,3137.15,10.0,5,Laptop,Credit Card,Email,Cancelled,Used_Coupon,2
C35987,666,1,3267.3,3267.3,9.0,5,Tablet,Cash,Email,Cancelled,Used_Coupon,5
C36014,751,1,869.94,869.94,7.0,2,Printer,Online,Email,Shipped,Used_Coupon,7
C36137,219,1,717.24,717.24,8.0,3,Laptop,Cash,Google,Shipped,Used_Coupon,2
C36150,634,1,1069.82,1069.82,5.0,2,Laptop,Debit Card,Google,Returned,Used_Coupon,2
C36174,396,1,926.94,926.94,3.0,3,Printer,Cash,Instagram,Delivered,Used_Coupon,7
C36383,271,1,2107.2,2107.2,5.0,5,Monitor,Cash,Instagram,Pending,Used_Coupon,4
C36408,533,1,3075.5,3075.5,10.0,5,Monitor,Gift Card,Instagram,Returned,Used_Coupon,4
C36467,709,1,75.78,75.78,5.0,1,Printer,Cash,Google,Pending,Used_Coupon,7
C36492,305,1,45.94,45.94,2.0,1,Desk,Cash,Email,Cancelled,Used_Coupon,1
C36497,679,1,86.3,86.3,3.0,2,Desk,Debit Card,Email,Pending,Used_Coupon,1
C36534,598,1,1963.62,1963.62,7.0,3,Monitor,Cash,Referral,Returned,Used_Coupon,4
C36540,652,1,728.32,728.32,4.0,4,Chair,Gift Card,Email,Delivered,Used_Coupon,3
C36613,675,1,1894.92,1894.92,3.0,3,Monitor,Credit Card,Facebook,Returned,Used_Coupon,4
C36688,802,1,305.17,305.17,3.0,1,Desk,Gift Card,Referral,Returned,Used_Coupon,1
C36725,247,1,3253.6,3253.6,8.0,5,Monitor,Credit Card,Email,Cancelled,Used_Coupon,4
C36778,183,1,388.33,388.33,2.0,1,Tablet,Cash,Facebook,Returned,Used_Coupon,5
C36813,596,1,1842.45,1842.45,3.0,3,Laptop,Gift Card,Facebook,Cancelled,Used_Coupon,2
C36825,855,1,877.52,877.52,2.0,2,Laptop,Debit Card,Facebook,Returned,Used_Coupon,2
C36938,145,1,761.9399999999999,761.9399999999999,3.0,3,Monitor,Credit Card,Email,Cancelled,Used_Coupon,4
C36992,718,1,671.37,671.37,3.0,3,Chair,Debit Card,Google,Pending,Used_Coupon,3
C36997,662,1,745.64,745.64,6.0,4,Phone,Gift Card,Google,Pending,Used_Coupon,0
C37032,690,1,847.76,847.76,7.0,2,Phone,Debit Card,Referral,Delivered,Used_Coupon,0
C37235,760,1,151.04,151.04,7.0,4,Desk,Debit Card,Google,Delivered,Used_Coupon,1
C37249,617,1,491.72,491.72,4.0,2,Phone,Credit Card,Instagram,Shipped,Used_Coupon,0
C37375,530,1,1036.46,1036.46,5.0,2,Tablet,Debit Card,Email,Shipped,Used_Coupon,5
C37412,714,1,432.47,432.47,4.0,1,Phone,Cash,Referral,Delivered,Used_Coupon,0
C37454,21,1,1303.35,1303.35,4.0,3,Monitor,Credit Card,Referral,Pending,Used_Coupon,4
C37455,618,1,2380.05,2380.05,7.0,5,Phone,Credit Card,Google,Delivered,Used_Coupon,0
C37531,479,1,1349.3,1349.3,6.0,5,Desk,Cash,Facebook,Shipped,Used_Coupon,1
C37594,385,1,1361.2,1361.2,8.0,4,Laptop,Cash,Referral,Cancelled,Used_Coupon,2
C37969,577,1,362.46,362.46,5.0,3,Desk,Credit Card,Referral,Shipped,Used_Coupon,1
C38024,420,1,546.86,546.86,7.0,2,Tablet,Cash,Referral,Shipped,Used_Coupon,5
C38065,852,1,1178.55,1178.55,6.0,3,Printer,Credit Card,Google,Returned,Used_Coupon,7
C38068,394,1,1302.65,1302.65,5.0,5,Desk,Gift Card,Instagram,Pending,Used_Coupon,1
C38126,194,1,2060.76,2060.76,9.0,4,Printer,Credit Card,Facebook,Pending,Used_Coupon,7
C38134,713,1,419.88,419.88,3.0,2,Desk,Credit Card,Email,Returned,Used_Coupon,1
C38262,518,1,155.27,155.27,6.0,1,Tablet,Debit Card,Email,Shipped,Used_Coupon,5
C38557,65,1,1915.5,1915.5,4.0,3,Monitor,Debit Card,Instagram,Cancelled,Used_Coupon,4
C38642,680,1,1046.0,1046.0,6.0,5,Laptop,Debit Card,Email,Delivered,Used_Coupon,2
C38669,865,1,405.28,405.28,7.0,4,Monitor,Cash,Referral,Pending,Used_Coupon,4
C38785,259,1,361.0,361.0,6.0,2,Monitor,Debit Card,Referral,Pending,Used_Coupon,4
C38840,388,2,5723.23,2861.615,7.0,9,Chair,Credit Card,Facebook,Cancelled,Used_Coupon,6
C38845,350,1,532.89,532.89,2.0,1,Laptop,Gift Card,Referral,Pending,Used_Coupon,2
C38928,290,1,1671.56,1671.56,4.0,4,Laptop,Gift Card,Google,Pending,Used_Coupon,2
C38966,304,1,2021.95,2021.95,10.0,5,Printer,Online,Referral,Shipped,Used_Coupon,7
C39000,302,1,287.46,287.46,3.0,1,Phone,Debit Card,Facebook,Returned,Used_Coupon,0
C39017,720,1,994.3799999999999,994.3799999999999,6.0,3,Chair,Credit Card,Referral,Cancelled,Used_Coupon,3
C39074,615,1,3032.6,3032.6,6.0,5,Laptop,Debit Card,Instagram,Shipped,Used_Coupon,2
C39106,510,1,546.19,546.19,5.0,1,Printer,Cash,Referral,Pending,Used_Coupon,7
C39130,678,1,226.55,226.55,8.0,5,Chair,Online,Referral,Cancelled,Used_Coupon,3
C39176,840,1,1737.68,1737.68,6.0,4,Tablet,Online,Google,Cancelled,Used_Coupon,5
C39246,439,1,931.4,931.4,8.0,5,Monitor,Debit Card,Email,Delivered,Used_Coupon,4
C39256,314,1,417.1,417.1,3.0,1,Desk,Debit Card,Referral,Returned,Used_Coupon,1
C39260,688,1,427.66,427.66,2.0,2,Tablet,Debit Card,Email,Cancelled,Used_Coupon,5
C39416,715,1,473.96,473.96,3.0,1,Printer,Cash,Google,Delivered,Used_Coupon,7
C39530,250,1,1704.15,1704.15,6.0,3,Desk,Gift Card,Google,Pending,Used_Coupon,1
C39550,48,1,558.27,558.27,1.0,1,Phone,Online,Referral,Delivered,Used_Coupon,0
C39551,877,1,76.93,76.93,6.0,1,Monitor,Debit Card,Instagram,Delivered,Used_Coupon,4
C39593,585,1,2078.13,2078.13,3.0,3,Phone,Credit Card,Instagram,Delivered,Used_Coupon,0
C39638,123,1,2161.32,2161.32,6.0,4,Laptop,Cash,Google,Shipped,Used_Coupon,2
C39639,167,1,65.95,65.95,5.0,1,Monitor,Credit Card,Facebook,Delivered,Used_Coupon,4
C39648,579,1,465.33,465.33,2.0,1,Chair,Gift Card,Google,Delivered,Used_Coupon,3
C39664,340,1,946.25,946.25,10.0,5,Desk,Debit Card,Email,Cancelled,Used_Coupon,1
C39671,552,1,217.56,217.56,3.0,1,Laptop,Debit Card,Facebook,Delivered,Used_Coupon,2
C39791,532,1,597.06,597.06,5.0,2,Chair,Debit Card,Email,Cancelled,Used_Coupon,3
C39906,352,1,75.01,75.01,3.0,1,Printer,Credit Card,Google,Returned,Used_Coupon,7
C39911,673,1,2073.6,2073.6,7.0,4,Phone,Credit Card,Facebook,Delivered,Used_Coupon,0
C40136,845,1,1039.56,1039.56,3.0,3,Printer,Credit Card,Google,Pending,Used_Coupon,7
C40140,496,1,363.2,363.2,7.0,5,Phone,Credit Card,Email,Cancelled,Used_Coupon,0
C40201,279,1,185.82,185.82,3.0,2,Laptop,Cash,Instagram,Returned,Used_Coupon,2
C40304,30,1,479.36,479.36,8.0,4,Laptop,Gift Card,Referral,Shipped,Used_Coupon,2
C40427,681,1,613.98,613.98,4.0,1,Phone,Online,Facebook,Delivered,Used_Coupon,0
C40466,300,1,541.64,541.64,5.0,1,Desk,Debit Card,Email,Shipped,Used_Coupon,1
C40538,218,1,423.64,423.64,4.0,2,Desk,Gift Card,Email,Cancelled,Used_Coupon,1
C40648,845,1,603.76,603.76,5.0,2,Laptop,Gift Card,Email,Returned,Used_Coupon,2
C40771,199,1,697.96,697.96,5.0,4,Laptop,Credit Card,Facebook,Delivered,Used_Coupon,2
C40798,880,1,1081.98,1081.98,5.0,3,Tablet,Online,Instagram,Returned,Used_Coupon,5
C40863,219,1,489.39,489.39,5.0,3,Chair,Gift Card,Facebook,Shipped,Used_Coupon,3
C40882,158,1,868.52,868.52,8.0,4,Desk,Cash,Email,Delivered,Used_Coupon,1
C40949,304,1,1105.26,1105.26,7.0,2,Monitor,Debit Card,Instagram,Delivered,Used_Coupon,4
C40967,107,1,287.25,287.25,10.0,5,Monitor,Cash,Facebook,Cancelled,Used_Coupon,4
C41132,820,1,381.61,381.61,5.0,1,Chair,Debit Card,Email,Pending,Used_Coupon,3
C41137,155,1,1347.39,1347.39,5.0,3,Chair,Cash,Referral,Returned,Used_Coupon,3
C41284,457,1,737.92,737.92,4.0,4,Laptop,Online,Google,Cancelled,Used_Coupon,2
C41320,331,1,1709.52,1709.52,8.0,3,Printer,Gift Card,Instagram,Cancelled,Used_Coupon,7
C41331,768,1,1203.05,1203.05,10.0,5,Monitor,Credit Card,Email,Shipped,Used_Coupon,4
C41460,781,1,747.75,747.75,9.0,5,Monitor,Cash,Facebook,Shipped,Used_Coupon,4
C41478,688,1,2138.28,2138.28,6.0,4,Printer,Credit Card,Facebook,Delivered,Used_Coupon,7
C41508,371,1,429.96,429.96,5.0,4,Printer,Cash,Google,Delivered,Used_Coupon,7
C41598,568,1,1472.76,1472.76,5.0,3,Chair,Credit Card,Email,Pending,Used_Coupon,3
C41709,746,1,712.7,712.7,6.0,2,Desk,Debit Card,Facebook,Returned,Used_Coupon,1
C41903,631,1,160.8,160.8,4.0,3,Desk,Cash,Facebook,Pending,Used_Coupon,1
C41974,213,1,2099.79,2099.79,7.0,3,Laptop,Cash,Google,Returned,Used_Coupon,2
C42108,377,1,641.36,641.36,5.0,2,Desk,Credit Card,Referral,Shipped,Used_Coupon,1
C42235,609,1,1193.44,1193.44,8.0,4,Chair,Debit Card,Google,Pending,Used_Coupon,3
C42270,433,1,482.98,482.98,7.0,2,Phone,Debit Card,Instagram,Returned,Used_Coupon,0
C42306,434,1,612.8100000000001,612.8100000000001,4.0,3,Phone,Online,Google,Returned,Used_Coupon,0
C42365,220,1,214.08,214.08,2.0,1,Tablet,Gift Card,Google,Returned,Used_Coupon,5
C42372,83,1,1093.0,1093.0,5.0,4,Phone,Debit Card,Referral,Cancelled,Used_Coupon,0
C42451,81,1,665.05,665.05,10.0,5,Tablet,Credit Card,Facebook,Returned,Used_Coupon,5
C42577,342,1,399.98,399.98,3.0,1,Monitor,Debit Card,Email,Delivered,Used_Coupon,4
C42949,580,1,660.66,660.66,3.0,1,Printer,Debit Card,Instagram,Delivered,Used_Coupon,7
C43124,789,1,2773.44,2773.44,8.0,4,Chair,Online,Instagram,Shipped,Used_Coupon,3
C43212,370,1,2200.56,2200.56,4.0,4,Monitor,Debit Card,Instagram,Pending,Used_Coupon,4
C43249,115,1,1391.43,1391.43,8.0,3,Printer,Online,Email,Returned,Used_Coupon,7
C43330,552,1,580.47,580.47,6.0,3,Monitor,Gift Card,Facebook,Returned,Used_Coupon,4
C43335,3,1,548.24,548.24,6.0,2,Phone,Cash,Referral,Delivered,Used_Coupon,0
C43338,782,1,1435.95,1435.95,4.0,3,Monitor,Online,Referral,Shipped,Used_Coupon,4
C43443,550,1,3129.85,3129.85,9.0,5,Tablet,Credit Card,Instagram,Returned,Used_Coupon,5
C43524,538,1,2621.3,2621.3,5.0,5,Phone,Gift Card,Referral,Delivered,Used_Coupon,0
C43538,49,1,1290.18,1290.18,8.0,3,Desk,Gift Card,Instagram,Cancelled,Used_Coupon,1
C43545,191,1,1876.25,1876.25,9.0,5,Monitor,Gift Card,Email,Pending,Used_Coupon,4
C43546,23,1,485.91,485.91,4.0,3,Monitor,Cash,Email,Pending,Used_Coupon,4
C43595,49,1,2807.4,2807.4,9.0,5,Printer,Online,Facebook,Delivered,Used_Coupon,7
C43721,876,1,131.61,131.61,2.0,1,Phone,Cash,Facebook,Shipped,Used_Coupon,0
C43842,255,1,1303.14,1303.14,7.0,2,Chair,Debit Card,Facebook,Shipped,Used_Coupon,3
C43867,341,1,524.06,524.06,3.0,1,Tablet,Debit Card,Email,Pending,Used_Coupon,5
C43911,751,1,1674.84,1674.84,8.0,4,Chair,Cash,Instagram,Pending,Used_Coupon,3
C43919,257,1,1804.8,1804.8,7.0,3,Tablet,Credit Card,Facebook,Cancelled,Used_Coupon,5
C43965,171,1,359.92,359.92,5.0,2,Tablet,Gift Card,Instagram,Shipped,Used_Coupon,5
C44148,141,1,1505.72,1505.72,5.0,4,Desk,Gift Card,Instagram,Pending,Used_Coupon,1
C44176,123,1,77.64,77.64,1.0,1,Desk,Credit Card,Facebook,Shipped,Used_Coupon,1
C44267,101,1,853.4,853.4,5.0,2,Monitor,Online,Referral,Pending,Used_Coupon,4
C44277,429,1,458.63,458.63,4.0,1,Tablet,Debit Card,Referral,Returned,Used_Coupon,5
C44366,909,1,776.44,776.44,2.0,2,Laptop,Cash,Instagram,Delivered,Used_Coupon,2
C44492,616,1,277.05,277.05,5.0,5,Laptop,Online,Google,Cancelled,Used_Coupon,2
C44619,118,1,475.11,475.11,6.0,3,Monitor,Cash,Referral,Shipped,Used_Coupon,4
C44674,232,1,627.34,627.34,1.0,1,Laptop,Online,Referral,Delivered,Used_Coupon,2
C44733,122,1,87.06,87.06,4.0,1,Desk,Credit Card,Email,Shipped,Used_Coupon,1
C44778,615,1,153.0,153.0,4.0,1,Phone,Credit Card,Referral,Returned,Used_Coupon,0
C45104,15,1,687.89,687.89,1.0,1,Tablet,Cash,Email,Returned,Used_Coupon,5
C45175,905,1,70.82,70.82,1.0,1,Phone,Gift Card,Instagram,Pending,Used_Coupon,0
C45187,734,1,420.65,420.65,9.0,5,Desk,Online,Google,Delivered,Used_Coupon,1
C45482,845,1,198.2,198.2,6.0,2,Monitor,Cash,Instagram,Delivered,Used_Coupon,4
C45599,866,1,2379.75,2379.75,8.0,5,Printer,Credit Card,Facebook,Returned,Used_Coupon,7
C45671,487,1,1314.96,1314.96,5.0,2,Tablet,Online,Referral,Shipped,Used_Coupon,5
C45862,703,1,176.1,176.1,1.0,1,Chair,Credit Card,Instagram,Pending,Used_Coupon,3
C45899,556,1,1285.96,1285.96,7.0,2,Monitor,Debit Card,Email,Returned,Used_Coupon,4
C46015,225,1,1812.3,1812.3,6.0,5,Laptop,Cash,Instagram,Delivered,Used_Coupon,2
C46210,280,1,1286.64,1286.64,3.0,3,Laptop,Debit Card,Facebook,Shipped,Used_Coupon,2
C46316,56,1,930.36,930.36,2.0,2,Laptop,Credit Card,Google,Cancelled,Used_Coupon,2
C46504,861,1,745.84,745.84,7.0,2,Tablet,Credit Card,Email,Delivered,Used_Coupon,5
C46509,490,1,1174.98,1174.98,6.0,2,Chair,Gift Card,Referral,Returned,Used_Coupon,3
C46557,470,1,237.18,237.18,2.0,2,Desk,Credit Card,Email,Delivered,Used_Coupon,1
C46651,468,2,1360.8899999999999,680.4449999999999,5.0,5,Chair,Cash,Facebook,Pending,Used_Coupon,6
C46873,298,1,1965.16,1965.16,6.0,4,Desk,Debit Card,Email,Pending,Used_Coupon,1
C46877,149,1,210.7,210.7,2.0,1,Laptop,Online,Referral,Shipped,Used_Coupon,2
C46886,23,1,1849.17,1849.17,6.0,3,Desk,Credit Card,Instagram,Shipped,Used_Coupon,1
C46920,527,1,1362.12,1362.12,3.0,2,Laptop,Debit Card,Facebook,Shipped,Used_Coupon,2
C46967,556,1,1026.84,1026.84,5.0,2,Tablet,Online,Instagram,Pending,Used_Coupon,5
C47022,450,1,500.97,500.97,8.0,3,Monitor,Cash,Facebook,Returned,Used_Coupon,4
C47086,692,1,609.16,609.16,6.0,4,Phone,Debit Card,Google,Cancelled,Used_Coupon,0
C47283,414,1,263.96,263.96,2.0,1,Monitor,Gift Card,Google,Returned,Used_Coupon,4
C47284,283,1,893.01,893.01,6.0,3,Phone,Online,Google,Shipped,Used_Coupon,0
C47307,607,1,1202.86,1202.86,5.0,2,Chair,Online,Instagram,Pending,Used_Coupon,3
C47365,59,1,82.0,82.0,7.0,2,Laptop,Online,Email,Delivered,Used_Coupon,2
C47486,209,1,320.92,320.92,5.0,1,Chair,Online,Facebook,Returned,Used_Coupon,3
C47761,835,1,1165.4,1165.4,6.0,4,Printer,Credit Card,Facebook,Cancelled,Used_Coupon,7
C47778,610,1,3334.0,3334.0,7.0,5,Printer,Debit Card,Referral,Delivered,Used_Coupon,7
C47823,210,1,956.72,956.72,3.0,2,Phone,Online,Google,Shipped,Used_Coupon,0
C48120,96,1,280.25,280.25,5.0,1,Chair,Online,Email,Pending,Used_Coupon,3
C48176,225,1,1736.92,1736.92,8.0,4,Printer,Online,Email,Shipped,Used_Coupon,7
C48207,450,1,833.62,833.62,2.0,2,Printer,Cash,Facebook,Returned,Used_Coupon,7
C48453,377,1,3194.0,3194.0,10.0,5,Desk,Debit Card,Referral,Cancelled,Used_Coupon,1
C48510,76,1,1042.8,1042.8,7.0,2,Laptop,Cash,Instagram,Delivered,Used_Coupon,2
C48531,206,1,30.54,30.54,1.0,1,Tablet,Debit Card,Google,Returned,Used_Coupon,5
C48577,337,1,1640.84,1640.84,5.0,4,Printer,Cash,Instagram,Pending,Used_Coupon,7
C48601,766,1,414.47,414.47,3.0,1,Printer,Debit Card,Instagram,Returned,Used_Coupon,7
C48646,382,1,1159.1,1159.1,6.0,5,Phone,Debit Card,Facebook,Delivered,Used_Coupon,0
C48649,342,1,204.36,204.36,3.0,3,Monitor,Online,Email,Cancelled,Used_Coupon,4
C48713,478,1,159.8,159.8,5.0,5,Printer,Credit Card,Referral,Returned,Used_Coupon,7
C48790,344,1,107.7,107.7,10.0,5,Laptop,Gift Card,Google,Returned,Used_Coupon,2
C48846,31,1,904.1,904.1,3.0,2,Printer,Credit Card,Email,Returned,Used_Coupon,7
C48939,727,1,2147.25,2147.25,5.0,5,Printer,Gift Card,Email,Cancelled,Used_Coupon,7
C48942,584,1,2654.68,2654.68,7.0,4,Tablet,Credit Card,Google,Pending,Used_Coupon,5
C48946,60,1,309.85,309.85,6.0,5,Laptop,Cash,Email,Delivered,Used_Coupon,2
C48965,609,1,299.35,299.35,5.0,1,Printer,Credit Card,Email,Cancelled,Used_Coupon,7
C49009,888,1,537.4,537.4,9.0,5,Printer,Debit Card,Email,Cancelled,Used_Coupon,7
C49111,124,1,1510.17,1510.17,5.0,3,Monitor,Online,Facebook,Pending,Used_Coupon,4
C49137,3,1,598.46,598.46,2.0,2,Desk,Credit Card,Instagram,Cancelled,Used_Coupon,1
C49187,846,1,535.5,535.5,5.0,1,Tablet,Gift Card,Referral,Cancelled,Used_Coupon,5
C49198,684,1,1940.37,1940.37,5.0,3,Monitor,Cash,Google,Cancelled,Used_Coupon,4
C49282,747,1,253.7,253.7,7.0,5,Chair,Gift Card,Google,Cancelled,Used_Coupon,3
C49491,811,1,114.7,114.7,10.0,5,Chair,Cash,Email,Pending,Used_Coupon,3
C49517,178,1,594.96,594.96,6.0,1,Printer,Cash,Facebook,Returned,Used_Coupon,7
C49605,417,1,457.82,457.82,4.0,2,Monitor,Debit Card,Referral,Shipped,Used_Coupon,4
C49710,535,1,1637.12,1637.12,8.0,4,Chair,Cash,Email,Pending,Used_Coupon,3
C49720,6,1,391.83,391.83,4.0,3,Printer,Debit Card,Facebook,Cancelled,Used_Coupon,7
C49726,595,1,17.98,17.98,6.0,1,Tablet,Cash,Email,Cancelled,Used_Coupon,5
C49831,579,1,1474.29,1474.29,6.0,3,Desk,Gift Card,Instagram,Shipped,Used_Coupon,1
C49838,372,1,1105.66,1105.66,3.0,2,Printer,Credit Card,Referral,Cancelled,Used_Coupon,7
C49938,301,1,62.12,62.12,2.0,1,Monitor,Cash,Email,Returned,Used_Coupon,4
C49995,831,1,984.44,984.44,4.0,4,Laptop,Credit Card,Instagram,Pending,Used_Coupon,2
C50087,624,1,366.33,366.33,4.0,3,Chair,Online,Email,Delivered,Used_Coupon,3
C50097,344,1,2339.05,2339.05,10.0,5,Chair,Online,Facebook,Cancelled,Used_Coupon,3
C50114,93,1,98.16,98.16,7.0,2,Monitor,Debit Card,Instagram,Returned,Used_Coupon,4
C50121,403,1,583.18,583.18,5.0,1,Phone,Credit Card,Google,Returned,Used_Coupon,0
C50137,725,1,59.19,59.19,3.0,3,Phone,Online,Referral,Pending,Used_Coupon,0
C50159,582,1,667.02,667.02,5.0,3,Printer,Credit Card,Email,Returned,Used_Coupon,7
C50211,435,1,53.0,53.0,3.0,2,Tablet,Online,Instagram,Delivered,Used_Coupon,5
C50236,37,1,2463.32,2463.32,4.0,4,Desk,Online,Instagram,Returned,Used_Coupon,1
C50274,709,1,1528.26,1528.26,5.0,3,Monitor,Credit Card,Google,Cancelled,Used_Coupon,4
C50275,300,1,269.65,269.65,7.0,5,Phone,Gift Card,Instagram,Shipped,Used_Coupon,0
C50304,206,1,930.3,930.3,2.0,2,Monitor,Online,Facebook,Shipped,Used_Coupon,4
C50415,264,1,2830.35,2830.35,6.0,5,Monitor,Credit Card,Instagram,Delivered,Used_Coupon,4
C50422,130,1,1129.16,1129.16,4.0,2,Monitor,Online,Facebook,Returned,Used_Coupon,4
C50565,301,1,411.34,411.34,5.0,1,Tablet,Debit Card,Instagram,Returned,Used_Coupon,5
C50612,536,1,226.64,226.64,4.0,4,Chair,Online,Instagram,Delivered,Used_Coupon,3
C50682,217,1,501.96,501.96,5.0,2,Monitor,Credit Card,Google,Delivered,Used_Coupon,4
C50683,625,1,576.42,576.42,5.0,2,Chair,Debit Card,Email,Cancelled,Used_Coupon,3
C50732,202,1,590.04,590.04,4.0,4,Chair,Debit Card,Instagram,Pending,Used_Coupon,3
C50967,878,1,364.8,364.8,5.0,2,Phone,Gift Card,Referral,Cancelled,Used_Coupon,0
C51024,699,1,489.8,489.8,4.0,1,Monitor,Gift Card,Facebook,Shipped,Used_Coupon,4
C51145,441,1,2403.24,2403.24,9.0,4,Printer,Debit Card,Email,Delivered,Used_Coupon,7
C51157,653,1,1778.61,1778.61,3.0,3,Desk,Gift Card,Referral,Shipped,Used_Coupon,1
C51404,530,1,378.12,378.12,7.0,2,Monitor,Gift Card,Facebook,Shipped,Used_Coupon,4
C51481,739,1,1244.2,1244.2,10.0,5,Monitor,Debit Card,Instagram,Cancelled,Used_Coupon,4
C51494,115,1,977.74,977.74,4.0,2,Laptop,Online,Google,Cancelled,Used_Coupon,2
C51694,310,1,1361.7,1361.7,6.0,2,Chair,Gift Card,Referral,Delivered,Used_Coupon,3
C51811,760,1,1335.36,1335.36,8.0,3,Chair,Gift Card,Google,Cancelled,Used_Coupon,3
C51898,525,1,898.44,898.44,6.0,4,Printer,Credit Card,Facebook,Returned,Used_Coupon,7
C51921,690,1,1318.59,1318.59,5.0,3,Laptop,Debit Card,Google,Pending,Used_Coupon,2
C52184,757,1,162.77,162.77,4.0,1,Chair,Online,Facebook,Cancelled,Used_Coupon,3
C52313,590,1,836.52,836.52,2.0,2,Phone,Debit Card,Google,Pending,Used_Coupon,0
C52342,144,1,369.15,369.15,9.0,5,Laptop,Debit Card,Instagram,Pending,Used_Coupon,2
C52604,220,1,506.5,506.5,7.0,5,Printer,Online,Email,Shipped,Used_Coupon,7
C52717,73,1,2756.35,2756.35,7.0,5,Desk,Online,Referral,Cancelled,Used_Coupon,1
C52751,613,1,1055.72,1055.72,4.0,4,Laptop,Debit Card,Facebook,Shipped,Used_Coupon,2
C52879,56,1,3194.6,3194.6,5.0,5,Tablet,Credit Card,Google,Returned,Used_Coupon,5
C52914,835,1,839.96,839.96,8.0,4,Desk,Cash,Google,Delivered,Used_Coupon,1
C52915,566,1,657.08,657.08,6.0,2,Printer,Gift Card,Email,Returned,Used_Coupon,7
C53049,577,1,1126.12,1126.12,6.0,2,Laptop,Cash,Instagram,Returned,Used_Coupon,2
C53070,446,1,2048.24,2048.24,5.0,4,Chair,Online,Google,Delivered,Used_Coupon,3
C53215,742,1,265.38,265.38,6.0,1,Monitor,Credit Card,Email,Cancelled,Used_Coupon,4
C53252,401,1,570.32,570.32,4.0,4,Printer,Cash,Facebook,Delivered,Used_Coupon,7
C53277,133,1,1595.16,1595.16,7.0,3,Desk,Gift Card,Google,Delivered,Used_Coupon,1
C53334,695,1,1496.04,1496.04,4.0,3,Chair,Online,Email,Returned,Used_Coupon,3
C53464,367,1,3299.25,3299.25,9.0,5,Printer,Credit Card,Facebook,Delivered,Used_Coupon,7
C53488,415,1,410.52,410.52,3.0,3,Desk,Cash,Facebook,Delivered,Used_Coupon,1
C53501,388,1,249.57,249.57,3.0,1,Monitor,Cash,Google,Shipped,Used_Coupon,4
C53545,733,1,1084.17,1084.17,8.0,3,Desk,Credit Card,Referral,Shipped,Used_Coupon,1
C53627,601,1,1527.45,1527.45,10.0,5,Phone,Debit Card,Referral,Shipped,Used_Coupon,0
C53631,20,1,595.89,595.89,8.0,3,Monitor,Cash,Instagram,Pending,Used_Coupon,4
C53645,137,1,1450.59,1450.59,4.0,3,Chair,Cash,Referral,Returned,Used_Coupon,3
C53697,735,1,827.36,827.36,5.0,4,Monitor,Cash,Instagram,Cancelled,Used_Coupon,4
C53810,390,1,2358.28,2358.28,8.0,4,Phone,Cash,Instagram,Pending,Used_Coupon,0
C54160,749,1,1010.13,1010.13,4.0,3,Desk,Credit Card,Email,Pending,Used_Coupon,1
C54277,111,1,519.16,519.16,7.0,2,Tablet,Debit Card,Instagram,Delivered,Used_Coupon,5
C54298,772,1,1437.63,1437.63,5.0,3,Tablet,Cash,Referral,Cancelled,Used_Coupon,5
C54390,179,1,580.74,580.74,7.0,3,Printer,Gift Card,Email,Pending,Used_Coupon,7
C54409,68,1,1018.17,1018.17,7.0,3,Desk,Cash,Google,Returned,Used_Coupon,1
C54494,668,1,352.92,352.92,2.0,2,Tablet,Credit Card,Email,Delivered,Used_Coupon,5
C54499,576,1,668.48,668.48,1.0,1,Monitor,Debit Card,Email,Shipped,Used_Coupon,4
C54595,105,1,121.96,121.96,3.0,1,Phone,Debit Card,Google,Delivered,Used_Coupon,0
C54675,912,1,1291.7,1291.7,5.0,2,Chair,Online,Referral,Shipped,Used_Coupon,3
C54725,53,1,289.32,289.32,7.0,2,Chair,Online,Google,Cancelled,Used_Coupon,3
C54759,216,1,109.29,109.29,5.0,1,Laptop,Debit Card,Google,Cancelled,Used_Coupon,2
C54829,785,1,312.55,312.55,9.0,5,Chair,Cash,Instagram,Pending,Used_Coupon,3
C54886,371,1,355.15,355.15,2.0,1,Phone,Cash,Email,Returned,Used_Coupon,0
C55164,838,1,1979.64,1979.64,3.0,3,Tablet,Gift Card,Google,Cancelled,Used_Coupon,5
C55205,448,1,793.4,793.4,7.0,4,Tablet,Cash,Google,Cancelled,Used_Coupon,5
C55286,496,1,2873.95,2873.95,8.0,5,Tablet,Credit Card,Referral,Pending,Used_Coupon,5
C55354,305,1,684.22,684.22,2.0,2,Desk,Gift Card,Instagram,Shipped,Used_Coupon,1
C55388,827,1,1213.86,1213.86,6.0,3,Tablet,Gift Card,Instagram,Delivered,Used_Coupon,5
C55454,792,1,677.48,677.48,1.0,1,Monitor,Online,Facebook,Delivered,Used_Coupon,4
C55464,232,1,601.36,601.36,1.0,1,Phone,Online,Facebook,Shipped,Used_Coupon,0
C55590,194,1,625.51,625.51,1.0,1,Printer,Credit Card,Facebook,Shipped,Used_Coupon,7
C55606,59,1,1102.0,1102.0,8.0,4,Desk,Gift Card,Google,Shipped,Used_Coupon,1
C55632,696,1,2158.45,2158.45,10.0,5,Chair,Credit Card,Facebook,Pending,Used_Coupon,3
C55636,802,1,1702.4,1702.4,5.0,4,Monitor,Credit Card,Google,Pending,Used_Coupon,4
C55757,660,1,922.26,922.26,4.0,2,Printer,Gift Card,Email,Returned,Used_Coupon,7
C55778,600,1,551.9,551.9,10.0,5,Desk,Cash,Referral,Pending,Used_Coupon,1
C55819,669,1,1268.75,1268.75,9.0,5,Chair,Online,Instagram,Pending,Used_Coupon,3
C55996,718,1,2543.45,2543.45,10.0,5,Printer,Cash,Google,Delivered,Used_Coupon,7
C56266,276,1,640.88,640.88,9.0,4,Desk,Debit Card,Instagram,Returned,Used_Coupon,1
C56506,478,1,773.52,773.52,4.0,3,Phone,Online,Instagram,Delivered,Used_Coupon,0
C56553,351,1,212.43,212.43,8.0,3,Tablet,Credit Card,Referral,Shipped,Used_Coupon,5
C56564,118,1,507.48,507.48,5.0,2,Phone,Online,Google,Shipped,Used_Coupon,0
C56622,84,1,1095.34,1095.34,3.0,2,Phone,Gift Card,Instagram,Shipped,Used_Coupon,0
C56722,89,1,110.35,110.35,7.0,5,Tablet,Online,Instagram,Cancelled,Used_Coupon,5
C56796,137,1,678.38,678.38,4.0,1,Phone,Credit Card,Referral,Cancelled,Used_Coupon,0
C56851,609,1,958.15,958.15,6.0,5,Chair,Gift Card,Facebook,Delivered,Used_Coupon,3
C56928,539,1,1435.0,1435.0,9.0,4,Laptop,Gift Card,Facebook,Delivered,Used_Coupon,2
C56938,18,1,1117.8,1117.8,7.0,3,Laptop,Credit Card,Referral,Delivered,Used_Coupon,2
C56969,539,2,193.0,96.5,4.0,3,Tablet,Debit Card,Email,Pending,Used_Coupon,6
C57093,509,1,553.41,553.41,4.0,3,Tablet,Online,Referral,Cancelled,Used_Coupon,5
C57276,684,1,3456.4,3456.4,10.0,5,Tablet,Online,Email,Delivered,Used_Coupon,5
C57502,751,1,2242.32,2242.32,6.0,4,Tablet,Gift Card,Referral,Returned,Used_Coupon,5
C57601,295,1,294.6,294.6,9.0,4,Monitor,Debit Card,Google,Shipped,Used_Coupon,4
C57798,446,1,2308.32,2308.32,8.0,4,Desk,Online,Facebook,Pending,Used_Coupon,1
C57861,116,1,915.48,915.48,8.0,3,Printer,Credit Card,Referral,Cancelled,Used_Coupon,7
C57867,776,1,1543.68,1543.68,8.0,4,Chair,Credit Card,Instagram,Cancelled,Used_Coupon,3
C58063,324,1,987.26,987.26,6.0,2,Monitor,Online,Referral,Returned,Used_Coupon,4
C58108,812,1,2517.36,2517.36,4.0,4,Tablet,Cash,Instagram,Cancelled,Used_Coupon,5
C58156,228,1,95.1,95.1,1.0,1,Printer,Gift Card,Instagram,Pending,Used_Coupon,7
C58168,403,1,754.4399999999999,754.4399999999999,4.0,3,Phone,Credit Card,Email,Returned,Used_Coupon,0
C58341,462,1,639.83,639.83,2.0,1,Phone,Debit Card,Referral,Pending,Used_Coupon,0
C58410,690,1,645.46,645.46,5.0,1,Desk,Gift Card,Google,Cancelled,Used_Coupon,1
C58443,666,1,848.64,848.64,6.0,2,Tablet,Credit Card,Referral,Returned,Used_Coupon,5
C58503,42,1,1402.6,1402.6,7.0,5,Monitor,Credit Card,Facebook,Cancelled,Used_Coupon,4
C58638,457,1,1531.52,1531.52,6.0,4,Laptop,Cash,Email,Cancelled,Used_Coupon,2
C58721,120,1,617.58,617.58,4.0,3,Tablet,Gift Card,Email,Shipped,Used_Coupon,5
C58773,491,1,2567.45,2567.45,8.0,5,Printer,Gift Card,Google,Cancelled,Used_Coupon,7
C58808,235,1,539.66,539.66,4.0,2,Chair,Online,Email,Delivered,Used_Coupon,3
C58858,211,1,674.64,674.64,4.0,2,Chair,Credit Card,Email,Cancelled,Used_Coupon,3
C59139,50,1,458.35,458.35,9.0,5,Tablet,Online,Email,Cancelled,Used_Coupon,5
C59169,722,1,2517.36,2517.36,7.0,4,Chair,Cash,Email,Shipped,Used_Coupon,3
C59183,854,1,3322.55,3322.55,8.0,5,Phone,Debit Card,Email,Pending,Used_Coupon,0
C59278,259,1,2360.05,2360.05,10.0,5,Laptop,Gift Card,Email,Cancelled,Used_Coupon,2
C59337,54,1,1068.86,1068.86,5.0,2,Laptop,Debit Card,Facebook,Pending,Used_Coupon,2
C59338,492,1,2070.9,2070.9,6.0,3,Printer,Credit Card,Google,Shipped,Used_Coupon,7
C59441,508,1,2092.65,2092.65,6.0,5,Monitor,Credit Card,Google,Pending,Used_Coupon,4
C59554,197,1,912.08,912.08,4.0,2,Phone,Debit Card,Email,Returned,Used_Coupon,0
C59572,826,1,542.07,542.07,6.0,1,Monitor,Cash,Referral,Shipped,Used_Coupon,4
C59579,910,1,897.7,897.7,6.0,2,Tablet,Credit Card,Instagram,Pending,Used_Coupon,5
C59685,887,1,788.32,788.32,2.0,2,Monitor,Online,Referral,Shipped,Used_Coupon,4
C59724,204,1,819.5,819.5,2.0,2,Tablet,Debit Card,Facebook,Shipped,Used_Coupon,5
C59752,908,1,1538.8,1538.8,9.0,5,Phone,Gift Card,Google,Pending,Used_Coupon,0
C59774,442,1,72.6,72.6,6.0,1,Monitor,Debit Card,Instagram,Cancelled,Used_Coupon,4
C59823,588,1,640.28,640.28,5.0,4,Phone,Online,Email,Pending,Used_Coupon,0
C60029,907,1,1524.36,1524.36,8.0,3,Chair,Credit Card,Referral,Cancelled,Used_Coupon,3
C60037,166,1,1054.92,1054.92,3.0,2,Laptop,Debit Card,Referral,Cancelled,Used_Coupon,2
C60042,865,1,1761.24,1761.24,6.0,4,Desk,Cash,Instagram,Cancelled,Used_Coupon,1
C60178,911,1,1023.45,1023.45,4.0,3,Laptop,Cash,Instagram,Pending,Used_Coupon,2
C60190,898,1,1898.76,1898.76,6.0,4,Phone,Gift Card,Google,Cancelled,Used_Coupon,0
C60203,400,1,583.7,583.7,5.0,2,Tablet,Cash,Instagram,Shipped,Used_Coupon,5
C60215,238,1,334.4,334.4,4.0,4,Desk,Debit Card,Facebook,Pending,Used_Coupon,1
C60329,431,1,2476.75,2476.75,5.0,5,Desk,Credit Card,Facebook,Pending,Used_Coupon,1
C60355,290,1,1000.58,1000.58,7.0,2,Monitor,Online,Google,Returned,Used_Coupon,4
C60361,380,1,1948.1,1948.1,7.0,5,Desk,Cash,Facebook,Returned,Used_Coupon,1
C60384,635,1,1484.28,1484.28,7.0,4,Laptop,Cash,Facebook,Cancelled,Used_Coupon,2
C60547,877,1,257.0,257.0,5.0,1,Desk,Debit Card,Referral,Cancelled,Used_Coupon,1
C60572,565,1,1497.63,1497.63,8.0,3,Chair,Online,Instagram,Cancelled,Used_Coupon,3
C60575,348,1,1959.3,1959.3,6.0,5,Desk,Credit Card,Instagram,Shipped,Used_Coupon,1
C60672,486,1,423.4,423.4,3.0,1,Tablet,Debit Card,Referral,Shipped,Used_Coupon,5
C60699,534,1,1235.85,1235.85,7.0,3,Chair,Credit Card,Referral,Delivered,Used_Coupon,3
C61070,362,1,951.56,951.56,2.0,2,Tablet,Online,Google,Shipped,Used_Coupon,5
C61090,450,1,2062.36,2062.36,7.0,4,Laptop,Credit Card,Google,Shipped,Used_Coupon,2
C61162,353,1,721.0,721.0,7.0,4,Monitor,Debit Card,Facebook,Cancelled,Used_Coupon,4
C61225,857,1,1300.5,1300.5,6.0,2,Monitor,Gift Card,Instagram,Returned,Used_Coupon,4
C61257,361,1,507.34,507.34,3.0,2,Monitor,Cash,Facebook,Returned,Used_Coupon,4
C61280,403,1,1472.22,1472.22,3.0,3,Phone,Cash,Email,Shipped,Used_Coupon,0
C61384,451,1,802.3499999999999,802.3499999999999,5.0,3,Monitor,Gift Card,Instagram,Delivered,Used_Coupon,4
C61440,813,1,583.9,583.9,1.0,1,Phone,Cash,Email,Returned,Used_Coupon,0
C61521,415,1,690.02,690.02,6.0,2,Phone,Credit Card,Google,Delivered,Used_Coupon,0
C61549,407,1,1286.04,1286.04,9.0,4,Desk,Cash,Google,Returned,Used_Coupon,1
C61618,464,1,488.8,488.8,7.0,4,Desk,Cash,Facebook,Delivered,Used_Coupon,1
C61668,413,1,139.28,139.28,6.0,2,Chair,Cash,Facebook,Returned,Used_Coupon,3
C61773,638,1,981.12,981.12,6.0,4,Phone,Credit Card,Email,Delivered,Used_Coupon,0
C61849,203,1,2311.28,2311.28,9.0,4,Monitor,Credit Card,Google,Delivered,Used_Coupon,4
C61943,32,1,985.8,985.8,5.0,2,Laptop,Cash,Instagram,Returned,Used_Coupon,2
C61957,555,1,483.38,483.38,6.0,1,Printer,Cash,Google,Pending,Used_Coupon,7
C62042,779,1,1539.9,1539.9,10.0,5,Tablet,Online,Facebook,Pending,Used_Coupon,5
C62070,111,1,176.58,176.58,4.0,1,Monitor,Debit Card,Referral,Returned,Used_Coupon,4
C62169,86,1,184.15,184.15,5.0,1,Chair,Gift Card,Facebook,Shipped,Used_Coupon,3
C62277,449,1,309.88,309.88,7.0,4,Printer,Gift Card,Instagram,Returned,Used_Coupon,7
C62312,268,1,52.54,52.54,6.0,1,Printer,Debit Card,Facebook,Cancelled,Used_Coupon,7
C62405,194,1,460.72,460.72,4.0,2,Laptop,Online,Email,Returned,Used_Coupon,2
C62512,294,1,275.22,275.22,8.0,3,Printer,Debit Card,Referral,Returned,Used_Coupon,7
C62557,900,1,1232.64,1232.64,8.0,3,Monitor,Cash,Instagram,Delivered,Used_Coupon,4
C62622,95,1,562.61,562.61,3.0,1,Tablet,Credit Card,Facebook,Delivered,Used_Coupon,5
C62627,836,1,41.09,41.09,4.0,1,Desk,Online,Email,Returned,Used_Coupon,1
C62656,157,1,873.72,873.72,9.0,4,Phone,Credit Card,Email,Cancelled,Used_Coupon,0
C62661,750,1,1147.11,1147.11,8.0,3,Tablet,Debit Card,Instagram,Returned,Used_Coupon,5
C62666,516,1,322.5,322.5,8.0,5,Chair,Credit Card,Instagram,Pending,Used_Coupon,3
C62740,855,1,424.4,424.4,6.0,1,Phone,Online,Referral,Shipped,Used_Coupon,0
C63018,9,1,38.49,38.49,4.0,1,Printer,Credit Card,Referral,Delivered,Used_Coupon,7
C63150,256,1,410.91,410.91,4.0,3,Printer,Credit Card,Referral,Returned,Used_Coupon,7
C63153,637,1,2199.04,2199.04,4.0,4,Chair,Debit Card,Facebook,Delivered,Used_Coupon,3
C63365,697,1,1098.9,1098.9,8.0,5,Desk,Credit Card,Facebook,Pending,Used_Coupon,1
C63372,476,1,2428.55,2428.55,10.0,5,Chair,Online,Referral,Pending,Used_Coupon,3
C63378,439,1,512.39,512.39,2.0,1,Phone,Online,Instagram,Delivered,Used_Coupon,0
C63619,435,1,1857.63,1857.63,6.0,3,Chair,Debit Card,Email,Cancelled,Used_Coupon,3
C63657,123,1,1274.67,1274.67,6.0,3,Tablet,Debit Card,Google,Cancelled,Used_Coupon,5
C63727,186,1,724.28,724.28,2.0,2,Desk,Debit Card,Instagram,Pending,Used_Coupon,1
C63822,584,1,507.56,507.56,9.0,4,Laptop,Cash,Instagram,Pending,Used_Coupon,2
C63827,26,1,1974.92,1974.92,6.0,4,Phone,Debit Card,Facebook,Pending,Used_Coupon,0
C64128,142,1,284.64,284.64,8.0,3,Tablet,Gift Card,Referral,Shipped,Used_Coupon,5
C64160,673,1,330.98,330.98,4.0,2,Monitor,Online,Instagram,Shipped,Used_Coupon,4
C64502,364,1,1600.05,1600.05,6.0,5,Desk,Gift Card,Referral,Delivered,Used_Coupon,1
C64516,713,1,1517.37,1517.37,3.0,3,Laptop,Debit Card,Referral,Pending,Used_Coupon,2
C64549,677,1,1006.1,1006.1,6.0,5,Monitor,Debit Card,Facebook,Pending,Used_Coupon,4
C64554,670,1,410.52,410.52,4.0,3,Tablet,Online,Facebook,Pending,Used_Coupon,5
C64579,144,1,234.37,234.37,5.0,1,Desk,Debit Card,Email,Shipped,Used_Coupon,1
C64638,856,1,527.57,527.57,3.0,1,Printer,Debit Card,Facebook,Pending,Used_Coupon,7
C64641,541,1,2119.65,2119.65,5.0,5,Tablet,Debit Card,Facebook,Returned,Used_Coupon,5
C64753,313,1,1050.08,1050.08,4.0,4,Chair,Debit Card,Instagram,Cancelled,Used_Coupon,3
C64935,298,1,304.11,304.11,2.0,1,Monitor,Gift Card,Referral,Shipped,Used_Coupon,4
C65021,423,1,809.92,809.92,4.0,2,Phone,Cash,Email,Shipped,Used_Coupon,0
C65056,10,1,2129.96,2129.96,6.0,4,Tablet,Online,Facebook,Cancelled,Used_Coupon,5
C65083,133,1,2631.16,2631.16,6.0,4,Desk,Credit Card,Google,Returned,Used_Coupon,1
C65107,296,1,70.24,70.24,4.0,1,Monitor,Credit Card,Google,Cancelled,Used_Coupon,4
C65180,453,1,858.16,858.16,7.0,4,Tablet,Gift Card,Referral,Cancelled,Used_Coupon,5
C65251,281,1,1168.35,1168.35,10.0,5,Laptop,Cash,Referral,Shipped,Used_Coupon,2
C65414,91,1,595.42,595.42,7.0,2,Phone,Online,Referral,Shipped,Used_Coupon,0
C65497,591,1,163.32,163.32,6.0,1,Monitor,Cash,Facebook,Shipped,Used_Coupon,4
C65524,162,1,1919.1,1919.1,7.0,5,Laptop,Credit Card,Google,Returned,Used_Coupon,2
C65565,504,1,402.15,402.15,3.0,3,Desk,Credit Card,Google,Shipped,Used_Coupon,1
C65744,336,1,582.04,582.04,1.0,1,Phone,Gift Card,Email,Delivered,Used_Coupon,0
C65799,543,1,2260.8,2260.8,9.0,4,Tablet,Debit Card,Google,Shipped,Used_Coupon,5
C65890,540,1,1577.85,1577.85,6.0,5,Tablet,Debit Card,Email,Delivered,Used_Coupon,5
C65905,531,1,950.4000000000001,950.4000000000001,9.0,5,Laptop,Cash,Instagram,Shipped,Used_Coupon,2
C65986,365,1,3352.4,3352.4,5.0,5,Laptop,Gift Card,Facebook,Returned,Used_Coupon,2
C66078,638,1,1101.12,1101.12,9.0,4,Desk,Gift Card,Facebook,Shipped,Used_Coupon,1
C66093,734,1,2595.64,2595.64,6.0,4,Printer,Credit Card,Instagram,Shipped,Used_Coupon,7
C66112,494,1,1866.8,1866.8,8.0,4,Desk,Debit Card,Instagram,Returned,Used_Coupon,1
C66116,102,1,322.45,322.45,7.0,5,Chair,Online,Facebook,Cancelled,Used_Coupon,3
C66149,200,1,1537.28,1537.28,6.0,4,Desk,Credit Card,Google,Pending,Used_Coupon,1
C66196,276,1,796.9,796.9,7.0,2,Phone,Debit Card,Google,Cancelled,Used_Coupon,0
C66254,437,1,515.32,515.32,1.0,1,Chair,Gift Card,Email,Cancelled,Used_Coupon,3
C66332,844,1,1907.94,1907.94,5.0,3,Monitor,Cash,Referral,Returned,Used_Coupon,4
C66349,849,1,565.85,565.85,1.0,1,Desk,Gift Card,Facebook,Returned,Used_Coupon,1
C66438,387,1,90.27,90.27,5.0,1,Laptop,Cash,Facebook,Delivered,Used_Coupon,2
C66462,895,1,1739.6,1739.6,6.0,5,Phone,Cash,Google,Pending,Used_Coupon,0
C66521,383,1,1600.28,1600.28,5.0,4,Chair,Online,Referral,Shipped,Used_Coupon,3
C66567,377,1,79.02,79.02,5.0,2,Desk,Online,Facebook,Shipped,Used_Coupon,1
C66840,625,1,2313.08,2313.08,9.0,4,Tablet,Online,Email,Delivered,Used_Coupon,5
C66906,432,1,518.64,518.64,2.0,2,Printer,Gift Card,Referral,Delivered,Used_Coupon,7
C67195,906,1,2306.08,2306.08,5.0,4,Chair,Credit Card,Facebook,Pending,Used_Coupon,3
C67260,791,1,3390.8,3390.8,7.0,5,Laptop,Gift Card,Facebook,Delivered,Used_Coupon,2
C67387,26,1,1418.65,1418.65,8.0,5,Phone,Gift Card,Instagram,Pending,Used_Coupon,0
C67528,219,1,1185.12,1185.12,5.0,4,Monitor,Gift Card,Email,Shipped,Used_Coupon,4
C67533,468,1,26.95,26.95,1.0,1,Desk,Cash,Email,Delivered,Used_Coupon,1
C67551,409,1,1955.12,1955.12,5.0,4,Phone,Online,Google,Returned,Used_Coupon,0
C67561,840,1,1660.56,1660.56,4.0,3,Phone,Gift Card,Facebook,Shipped,Used_Coupon,0
C67583,21,1,338.31,338.31,3.0,1,Phone,Online,Google,Delivered,Used_Coupon,0
C67604,526,1,279.38,279.38,7.0,2,Desk,Online,Email,Returned,Used_Coupon,1
C67687,723,1,868.6,868.6,7.0,2,Chair,Cash,Instagram,Delivered,Used_Coupon,3
C67818,586,1,442.39,442.39,6.0,1,Laptop,Gift Card,Facebook,Pending,Used_Coupon,2
C67870,509,1,1648.8,1648.8,6.0,4,Monitor,Credit Card,Referral,Shipped,Used_Coupon,4
C67932,194,1,514.98,514.98,7.0,3,Chair,Debit Card,Google,Delivered,Used_Coupon,3
C67936,258,1,1072.5,1072.5,3.0,2,Tablet,Debit Card,Email,Pending,Used_Coupon,5
C68078,860,1,987.76,987.76,7.0,2,Desk,Credit Card,Instagram,Returned,Used_Coupon,1
C68266,340,1,1960.89,1960.89,7.0,3,Printer,Online,Email,Delivered,Used_Coupon,7
C68508,357,1,123.28,123.28,3.0,1,Chair,Credit Card,Email,Delivered,Used_Coupon,3
C68553,100,1,742.41,742.41,4.0,3,Tablet,Online,Facebook,Delivered,Used_Coupon,5
C68609,252,1,1330.32,1330.32,3.0,3,Chair,Gift Card,Google,Shipped,Used_Coupon,3
C68936,809,1,1662.75,1662.75,6.0,3,Tablet,Debit Card,Referral,Shipped,Used_Coupon,5
C68937,867,1,850.06,850.06,2.0,2,Laptop,Cash,Google,Returned,Used_Coupon,2
C68976,34,1,868.25,868.25,9.0,5,Phone,Gift Card,Email,Delivered,Used_Coupon,0
C69009,694,1,2280.3,2280.3,10.0,5,Printer,Cash,Instagram,Pending,Used_Coupon,7
C69021,828,1,1874.52,1874.52,8.0,3,Tablet,Credit Card,Facebook,Cancelled,Used_Coupon,5
C69149,626,1,1062.98,1062.98,7.0,2,Printer,Credit Card,Facebook,Delivered,Used_Coupon,7
C69167,620,1,165.03,165.03,7.0,3,Chair,Online,Email,Pending,Used_Coupon,3
C69168,680,1,21.19,21.19,5.0,1,Tablet,Cash,Google,Returned,Used_Coupon,5
C69213,297,1,2579.84,2579.84,7.0,4,Laptop,Credit Card,Email,Pending,Used_Coupon,2
C69332,773,1,1695.75,1695.75,7.0,3,Monitor,Debit Card,Email,Returned,Used_Coupon,4
C69396,108,1,1808.25,1808.25,6.0,3,Printer,Credit Card,Email,Shipped,Used_Coupon,7
C69471,263,1,1448.24,1448.24,4.0,4,Tablet,Debit Card,Facebook,Returned,Used_Coupon,5
C69476,903,1,996.28,996.28,5.0,4,Phone,Credit Card,Referral,Returned,Used_Coupon,0
C69542,525,1,422.54,422.54,1.0,1,Printer,Cash,Google,Delivered,Used_Coupon,7
C69994,7,1,2332.1,2332.1,5.0,5,Monitor,Gift Card,Referral,Returned,Used_Coupon,4
C70010,22,1,1153.85,1153.85,10.0,5,Desk,Online,Referral,Pending,Used_Coupon,1
C70148,727,1,2647.75,2647.75,10.0,5,Desk,Gift Card,Facebook,Shipped,Used_Coupon,1
C70246,705,1,476.22,476.22,7.0,3,Desk,Online,Instagram,Pending,Used_Coupon,1
C70315,597,1,2024.44,2024.44,5.0,4,Laptop,Cash,Referral,Cancelled,Used_Coupon,2
C70352,141,1,626.6,626.6,4.0,1,Desk,Gift Card,Facebook,Returned,Used_Coupon,1
C70412,13,1,2313.12,2313.12,5.0,4,Laptop,Gift Card,Email,Cancelled,Used_Coupon,2
C70426,11,1,672.64,672.64,3.0,2,Laptop,Online,Google,Returned,Used_Coupon,2
C70437,585,1,2620.72,2620.72,5.0,4,Chair,Online,Facebook,Shipped,Used_Coupon,3
C70452,367,1,1265.28,1265.28,7.0,4,Monitor,Debit Card,Facebook,Delivered,Used_Coupon,4
C70492,77,1,1984.0,1984.0,8.0,4,Monitor,Online,Google,Cancelled,Used_Coupon,4
C70495,389,1,114.14,114.14,3.0,2,Printer,Debit Card,Instagram,Returned,Used_Coupon,7
C70506,857,1,454.23,454.23,3.0,1,Monitor,Gift Card,Facebook,Returned,Used_Coupon,4
C70529,775,1,105.92,105.92,6.0,1,Desk,Gift Card,Email,Returned,Used_Coupon,1
C70554,85,1,418.35,418.35,8.0,3,Monitor,Gift Card,Google,Returned,Used_Coupon,4
C70566,551,1,2682.9,2682.9,5.0,5,Desk,Gift Card,Google,Pending,Used_Coupon,1
C70613,893,1,2323.7,2323.7,7.0,5,Laptop,Gift Card,Referral,Delivered,Used_Coupon,2
C70633,450,1,367.34,367.34,3.0,2,Tablet,Online,Google,Cancelled,Used_Coupon,5
C70659,122,2,1853.96,926.98,6.5,8,Chair,Gift Card,Email,Cancelled,Used_Coupon,6
C70921,899,1,457.08,457.08,3.0,2,Printer,Debit Card,Email,Pending,Used_Coupon,7
C70999,440,1,433.32,433.32,6.0,2,Tablet,Debit Card,Instagram,Pending,Used_Coupon,5
C71035,332,1,436.77,436.77,5.0,1,Tablet,Cash,Google,Returned,Used_Coupon,5
C71040,829,1,1739.4,1739.4,4.0,4,Phone,Credit Card,Google,Pending,Used_Coupon,0
C71076,595,1,511.98,511.98,4.0,2,Monitor,Credit Card,Instagram,Delivered,Used_Coupon,4
C71122,803,1,634.4,634.4,6.0,1,Laptop,Cash,Email,Cancelled,Used_Coupon,2
C71310,389,1,2922.3,2922.3,8.0,5,Printer,Credit Card,Email,Returned,Used_Coupon,7
C71471,412,1,595.54,595.54,4.0,1,Chair,Gift Card,Instagram,Shipped,Used_Coupon,3
C71473,391,1,1709.2,1709.2,8.0,5,Chair,Online,Instagram,Shipped,Used_Coupon,3
C71486,691,1,1407.96,1407.96,3.0,3,Desk,Debit Card,Google,Shipped,Used_Coupon,1
C71570,195,1,2137.92,2137.92,9.0,4,Chair,Online,Instagram,Returned,Used_Coupon,3
C71680,366,1,2270.28,2270.28,9.0,4,Printer,Debit Card,Google,Pending,Used_Coupon,7
C71698,45,1,2446.85,2446.85,8.0,5,Desk,Online,Instagram,Returned,Used_Coupon,1
C71797,52,1,1857.16,1857.16,5.0,4,Laptop,Debit Card,Email,Returned,Used_Coupon,2
C71899,646,1,2004.99,2004.99,4.0,3,Tablet,Gift Card,Facebook,Pending,Used_Coupon,5
C72007,489,1,1298.55,1298.55,4.0,3,Chair,Online,Instagram,Pending,Used_Coupon,3
C72043,392,1,394.53,394.53,2.0,1,Desk,Cash,Referral,Shipped,Used_Coupon,1
C72166,506,1,314.38,314.38,6.0,1,Desk,Online,Google,Returned,Used_Coupon,1
C72241,793,1,2709.48,2709.48,8.0,4,Monitor,Cash,Google,Pending,Used_Coupon,4
C72290,250,1,556.2,556.2,7.0,3,Printer,Gift Card,Facebook,Cancelled,Used_Coupon,7
C72293,594,1,688.02,688.02,6.0,3,Printer,Credit Card,Referral,Shipped,Used_Coupon,7
C72533,197,1,376.76,376.76,5.0,1,Printer,Debit Card,Email,Delivered,Used_Coupon,7
C72588,421,1,1574.7,1574.7,8.0,5,Chair,Cash,Instagram,Pending,Used_Coupon,3
C72596,172,1,770.32,770.32,7.0,2,Printer,Online,Email,Pending,Used_Coupon,7
C72649,909,1,2853.1,2853.1,7.0,5,Monitor,Debit Card,Instagram,Shipped,Used_Coupon,4
C72664,297,1,627.15,627.15,5.0,1,Desk,Cash,Instagram,Delivered,Used_Coupon,1
C72862,905,1,84.8,84.8,5.0,1,Tablet,Gift Card,Instagram,Pending,Used_Coupon,5
C73225,71,1,1100.36,1100.36,3.0,2,Phone,Gift Card,Referral,Returned,Used_Coupon,0
C73289,390,1,1945.77,1945.77,4.0,3,Chair,Debit Card,Email,Cancelled,Used_Coupon,3
C73370,430,1,44.35,44.35,1.0,1,Laptop,Gift Card,Instagram,Cancelled,Used_Coupon,2
C73514,662,1,1395.15,1395.15,3.0,3,Desk,Credit Card,Email,Cancelled,Used_Coupon,1
C73575,901,1,3219.45,3219.45,8.0,5,Monitor,Cash,Facebook,Returned,Used_Coupon,4
C73587,712,1,1632.84,1632.84,9.0,4,Phone,Credit Card,Instagram,Pending,Used_Coupon,0
C73629,282,1,265.64,265.64,3.0,1,Desk,Credit Card,Instagram,Returned,Used_Coupon,1
C73813,852,1,445.2,445.2,7.0,4,Printer,Debit Card,Email,Pending,Used_Coupon,7
C73873,761,1,661.38,661.38,5.0,2,Desk,Online,Google,Cancelled,Used_Coupon,1
C73893,618,1,1638.4,1638.4,6.0,5,Printer,Credit Card,Facebook,Returned,Used_Coupon,7
C73941,850,1,1250.44,1250.44,5.0,2,Phone,Online,Google,Cancelled,Used_Coupon,0
C73961,720,1,530.24,530.24,8.0,4,Tablet,Cash,Instagram,Returned,Used_Coupon,5
C73996,444,1,287.64,287.64,6.0,2,Tablet,Credit Card,Instagram,Returned,Used_Coupon,5
C73999,758,1,375.76,375.76,4.0,2,Tablet,Online,Facebook,Shipped,Used_Coupon,5
C74003,827,1,1221.28,1221.28,4.0,4,Printer,Online,Google,Cancelled,Used_Coupon,7
C74005,755,1,2240.75,2240.75,7.0,5,Chair,Gift Card,Google,Returned,Used_Coupon,3
C74138,560,1,196.94,196.94,3.0,2,Monitor,Cash,Instagram,Returned,Used_Coupon,4
C74169,902,1,310.93,310.93,3.0,1,Printer,Online,Facebook,Cancelled,Used_Coupon,7
C74359,7,1,1841.25,1841.25,5.0,5,Laptop,Online,Instagram,Delivered,Used_Coupon,2
C74499,775,1,744.46,744.46,7.0,2,Desk,Gift Card,Email,Delivered,Used_Coupon,1
C74519,617,1,945.81,945.81,4.0,3,Phone,Credit Card,Email,Cancelled,Used_Coupon,0
C74562,436,1,220.77,220.77,5.0,1,Tablet,Gift Card,Instagram,Pending,Used_Coupon,5
C74866,865,1,1994.37,1994.37,6.0,3,Phone,Online,Facebook,Delivered,Used_Coupon,0
C74928,344,1,612.48,612.48,4.0,2,Printer,Online,Email,Returned,Used_Coupon,7
C74982,724,1,2042.8,2042.8,8.0,5,Laptop,Debit Card,Instagram,Delivered,Used_Coupon,2
C75018,762,1,2007.18,2007.18,7.0,3,Monitor,Cash,Facebook,Delivered,Used_Coupon,4
C75439,26,1,344.43,344.43,7.0,3,Desk,Gift Card,Google,Cancelled,Used_Coupon,1
C75456,373,1,276.66,276.66,5.0,3,Monitor,Credit Card,Email,Delivered,Used_Coupon,4
C75619,633,1,742.58,742.58,5.0,2,Printer,Gift Card,Facebook,Shipped,Used_Coupon,7
C75739,312,1,302.7,302.7,3.0,2,Phone,Online,Referral,Shipped,Used_Coupon,0
C75888,568,1,1346.7,1346.7,7.0,3,Printer,Debit Card,Instagram,Returned,Used_Coupon,7
C76140,757,1,826.4,826.4,6.0,4,Phone,Gift Card,Referral,Returned,Used_Coupon,0
C76207,800,1,2606.25,2606.25,8.0,5,Laptop,Cash,Email,Cancelled,Used_Coupon,2
C76362,547,1,709.5,709.5,8.0,3,Chair,Online,Email,Delivered,Used_Coupon,3
C76653,845,1,1539.4,1539.4,9.0,4,Printer,Online,Instagram,Delivered,Used_Coupon,7
C76675,634,1,1991.79,1991.79,6.0,3,Laptop,Gift Card,Email,Returned,Used_Coupon,2
C76700,113,1,623.82,623.82,2.0,2,Tablet,Online,Facebook,Shipped,Used_Coupon,5
C76761,830,1,470.04,470.04,7.0,4,Printer,Debit Card,Referral,Returned,Used_Coupon,7
C76766,350,1,2512.48,2512.48,6.0,4,Phone,Online,Instagram,Delivered,Used_Coupon,0
C76929,627,1,356.81,356.81,1.0,1,Desk,Online,Instagram,Delivered,Used_Coupon,1
C77046,891,1,741.64,741.64,9.0,4,Tablet,Online,Google,Returned,Used_Coupon,5
C77085,217,1,1050.32,1050.32,8.0,4,Chair,Online,Email,Cancelled,Used_Coupon,3
C77122,309,1,438.37,438.37,4.0,1,Laptop,Cash,Referral,Cancelled,Used_Coupon,2
C77166,418,1,741.33,741.33,3.0,3,Laptop,Debit Card,Referral,Returned,Used_Coupon,2
C77272,155,1,2492.4,2492.4,8.0,5,Monitor,Online,Google,Pending,Used_Coupon,4
C77344,358,1,343.31,343.31,6.0,1,Chair,Gift Card,Google,Returned,Used_Coupon,3
C77357,129,1,474.6,474.6,4.0,1,Phone,Debit Card,Email,Delivered,Used_Coupon,0
C77363,480,1,96.81,96.81,3.0,1,Phone,Gift Card,Referral,Cancelled,Used_Coupon,0
C77499,724,1,547.4399999999999,547.4399999999999,3.0,3,Laptop,Cash,Instagram,Delivered,Used_Coupon,2
C77736,180,1,798.08,798.08,3.0,2,Chair,Cash,Referral,Cancelled,Used_Coupon,3
C77763,764,1,1508.31,1508.31,8.0,3,Tablet,Debit Card,Email,Returned,Used_Coupon,5
C77800,179,1,1378.02,1378.02,3.0,3,Tablet,Gift Card,Instagram,Pending,Used_Coupon,5
C77872,533,1,1027.18,1027.18,4.0,2,Phone,Online,Referral,Returned,Used_Coupon,0
C77961,108,1,1087.59,1087.59,5.0,3,Tablet,Debit Card,Facebook,Returned,Used_Coupon,5
C78170,143,1,341.7,341.7,6.0,5,Chair,Debit Card,Referral,Pending,Used_Coupon,3
C78305,55,1,1092.42,1092.42,7.0,3,Laptop,Online,Referral,Pending,Used_Coupon,2
C78500,193,1,2512.35,2512.35,10.0,5,Monitor,Online,Email,Shipped,Used_Coupon,4
C78684,407,1,1765.32,1765.32,8.0,3,Chair,Gift Card,Google,Shipped,Used_Coupon,3
C78724,808,1,1266.39,1266.39,7.0,3,Printer,Online,Facebook,Delivered,Used_Coupon,7
C78725,30,1,1880.36,1880.36,4.0,4,Phone,Debit Card,Google,Delivered,Used_Coupon,0
C78959,756,1,632.4,632.4,2.0,2,Phone,Online,Instagram,Returned,Used_Coupon,0
C79142,817,1,569.96,569.96,4.0,1,Laptop,Online,Email,Delivered,Used_Coupon,2
C79475,450,1,2542.95,2542.95,8.0,5,Laptop,Cash,Facebook,Returned,Used_Coupon,2
C79506,714,1,746.34,746.34,6.0,2,Laptop,Credit Card,Referral,Pending,Used_Coupon,2
C79508,388,1,135.17,135.17,6.0,1,Printer,Online,Instagram,Shipped,Used_Coupon,7
C79533,447,1,3008.6,3008.6,5.0,5,Laptop,Gift Card,Instagram,Cancelled,Used_Coupon,2
C79674,719,1,873.68,873.68,2.0,2,Tablet,Online,Instagram,Delivered,Used_Coupon,5
C79722,681,1,1382.2,1382.2,10.0,5,Tablet,Gift Card,Referral,Shipped,Used_Coupon,5
C79821,871,1,531.18,531.18,6.0,1,Chair,Gift Card,Instagram,Returned,Used_Coupon,3
C79842,217,1,945.64,945.64,7.0,4,Printer,Debit Card,Google,Pending,Used_Coupon,7
C79909,697,1,137.62,137.62,5.0,2,Printer,Gift Card,Referral,Shipped,Used_Coupon,7
C80004,591,1,2052.42,2052.42,3.0,3,Printer,Cash,Instagram,Cancelled,Used_Coupon,7
C80135,674,1,1107.55,1107.55,5.0,5,Laptop,Cash,Referral,Returned,Used_Coupon,2
C80151,3,1,1723.32,1723.32,8.0,4,Tablet,Gift Card,Referral,Pending,Used_Coupon,5
C80183,567,1,365.57,365.57,5.0,1,Laptop,Online,Email,Cancelled,Used_Coupon,2
C80223,88,1,2651.76,2651.76,8.0,4,Desk,Cash,Instagram,Cancelled,Used_Coupon,1
C80416,448,1,1087.15,1087.15,10.0,5,Desk,Debit Card,Instagram,Shipped,Used_Coupon,1
C80649,59,1,312.11,312.11,4.0,1,Phone,Online,Facebook,Cancelled,Used_Coupon,0
C80651,644,1,1194.51,1194.51,5.0,3,Tablet,Debit Card,Email,Delivered,Used_Coupon,5
C80735,605,1,130.14,130.14,4.0,2,Chair,Credit Card,Google,Cancelled,Used_Coupon,3
C80868,776,1,1420.47,1420.47,7.0,3,Monitor,Credit Card,Email,Pending,Used_Coupon,4
C80872,322,1,1984.3,1984.3,9.0,5,Desk,Cash,Instagram,Cancelled,Used_Coupon,1
C80987,116,1,132.05,132.05,2.0,1,Laptop,Online,Google,Delivered,Used_Coupon,2
C81074,495,1,157.72,157.72,2.0,1,Desk,Debit Card,Google,Delivered,Used_Coupon,1
C81192,231,1,1939.02,1939.02,5.0,3,Chair,Debit Card,Google,Pending,Used_Coupon,3
C81319,101,1,1342.15,1342.15,5.0,5,Printer,Cash,Email,Returned,Used_Coupon,7
C81366,912,1,410.6,410.6,2.0,1,Monitor,Online,Referral,Cancelled,Used_Coupon,4
C81370,187,1,2532.25,2532.25,7.0,5,Monitor,Gift Card,Google,Shipped,Used_Coupon,4
C81547,522,1,510.52,510.52,6.0,2,Phone,Credit Card,Google,Cancelled,Used_Coupon,0
C81573,208,1,36.65,36.65,1.0,1,Chair,Online,Email,Cancelled,Used_Coupon,3
C81726,739,1,2161.36,2161.36,6.0,4,Chair,Gift Card,Referral,Shipped,Used_Coupon,3
C81728,490,1,2753.4,2753.4,8.0,5,Tablet,Credit Card,Email,Cancelled,Used_Coupon,5
C81840,54,1,2504.04,2504.04,8.0,4,Printer,Online,Email,Delivered,Used_Coupon,7
C81857,379,1,1127.64,1127.64,3.0,2,Desk,Credit Card,Instagram,Pending,Used_Coupon,1
C81882,600,1,463.92,463.92,6.0,3,Chair,Debit Card,Facebook,Pending,Used_Coupon,3
C82068,890,1,408.13,408.13,3.0,1,Chair,Gift Card,Instagram,Shipped,Used_Coupon,3
C82217,271,1,1717.48,1717.48,8.0,4,Phone,Credit Card,Google,Delivered,Used_Coupon,0
C82313,705,1,197.58,197.58,8.0,3,Chair,Online,Google,Pending,Used_Coupon,3
C82318,492,1,528.06,528.06,2.0,1,Phone,Credit Card,Facebook,Shipped,Used_Coupon,0
C82344,233,1,2028.63,2028.63,5.0,3,Monitor,Online,Google,Delivered,Used_Coupon,4
C82399,487,1,158.68,158.68,6.0,1,Monitor,Credit Card,Instagram,Returned,Used_Coupon,4
C82550,678,1,667.66,667.66,4.0,2,Phone,Gift Card,Referral,Cancelled,Used_Coupon,0
C82685,780,1,475.98,475.98,7.0,3,Desk,Gift Card,Email,Delivered,Used_Coupon,1
C82781,803,1,109.68,109.68,4.0,4,Monitor,Debit Card,Referral,Pending,Used_Coupon,4
C82858,677,1,593.91,593.91,5.0,3,Chair,Online,Google,Cancelled,Used_Coupon,3
C82921,270,1,208.36,208.36,4.0,1,Monitor,Online,Email,Shipped,Used_Coupon,4
C82990,911,1,300.1,300.1,4.0,2,Laptop,Credit Card,Facebook,Cancelled,Used_Coupon,2
C83026,814,1,1686.9,1686.9,5.0,5,Printer,Gift Card,Referral,Shipped,Used_Coupon,7
C83223,439,1,650.84,650.84,7.0,4,Phone,Cash,Email,Cancelled,Used_Coupon,0
C83492,14,1,664.42,664.42,6.0,1,Laptop,Gift Card,Facebook,Returned,Used_Coupon,2
C83548,268,1,144.25,144.25,2.0,1,Laptop,Cash,Referral,Returned,Used_Coupon,2
C83556,514,1,1059.16,1059.16,5.0,4,Printer,Credit Card,Google,Pending,Used_Coupon,7
C83653,791,1,925.04,925.04,6.0,4,Tablet,Online,Google,Shipped,Used_Coupon,5
C83911,12,1,2799.52,2799.52,5.0,4,Tablet,Cash,Referral,Pending,Used_Coupon,5
C84041,141,1,1001.6,1001.6,3.0,2,Laptop,Cash,Referral,Delivered,Used_Coupon,2
C84115,383,1,1362.87,1362.87,4.0,3,Chair,Credit Card,Google,Pending,Used_Coupon,3
C84134,100,1,2772.28,2772.28,8.0,4,Laptop,Online,Instagram,Shipped,Used_Coupon,2
C84320,626,1,208.95,208.95,7.0,3,Chair,Cash,Instagram,Delivered,Used_Coupon,3
C84329,97,1,431.44,431.44,3.0,1,Desk,Gift Card,Facebook,Pending,Used_Coupon,1
C84331,500,1,3223.2,3223.2,6.0,5,Chair,Gift Card,Email,Cancelled,Used_Coupon,3
C84480,75,1,2342.55,2342.55,9.0,5,Chair,Debit Card,Facebook,Delivered,Used_Coupon,3
C84524,380,1,2071.92,2071.92,8.0,4,Printer,Cash,Facebook,Cancelled,Used_Coupon,7
C84563,447,1,472.66,472.66,3.0,2,Printer,Online,Instagram,Pending,Used_Coupon,7
C84570,210,1,120.2,120.2,6.0,4,Printer,Online,Facebook,Returned,Used_Coupon,7
C84630,905,1,2592.75,2592.75,6.0,5,Laptop,Credit Card,Instagram,Cancelled,Used_Coupon,2
C84645,62,1,822.98,822.98,4.0,2,Tablet,Credit Card,Instagram,Returned,Used_Coupon,5
C84700,902,1,1599.85,1599.85,7.0,5,Printer,Cash,Google,Shipped,Used_Coupon,7
C84766,681,1,688.04,688.04,4.0,2,Desk,Online,Instagram,Delivered,Used_Coupon,1
C84834,461,1,409.02,409.02,8.0,3,Tablet,Debit Card,Referral,Returned,Used_Coupon,5
C84888,802,1,51.73,51.73,1.0,1,Laptop,Debit Card,Facebook,Pending,Used_Coupon,2
C84908,154,1,420.26,420.26,4.0,1,Phone,Credit Card,Facebook,Pending,Used_Coupon,0
C85018,237,1,824.25,824.25,3.0,3,Laptop,Cash,Google,Cancelled,Used_Coupon,2
C85059,795,1,987.4,987.4,8.0,4,Laptop,Credit Card,Google,Shipped,Used_Coupon,2
C85074,111,1,934.8,934.8,8.0,4,Laptop,Online,Facebook,Shipped,Used_Coupon,2
C85282,585,1,3143.7,3143.7,9.0,5,Phone,Cash,Facebook,Cancelled,Used_Coupon,0
C85322,792,1,813.06,813.06,6.0,3,Monitor,Credit Card,Google,Cancelled,Used_Coupon,4
C85330,121,1,1140.45,1140.45,9.0,5,Desk,Gift Card,Facebook,Returned,Used_Coupon,1
C85421,267,1,1641.45,1641.45,4.0,3,Tablet,Online,Instagram,Shipped,Used_Coupon,5
C85466,256,1,441.87,441.87,3.0,3,Desk,Gift Card,Google,Shipped,Used_Coupon,1
C85520,663,1,1862.64,1862.64,9.0,4,Phone,Online,Email,Returned,Used_Coupon,0
C85841,885,1,2597.88,2597.88,8.0,4,Chair,Cash,Google,Pending,Used_Coupon,3
C85863,493,1,397.4399999999999,397.4399999999999,4.0,3,Printer,Online,Referral,Shipped,Used_Coupon,7
C85929,486,1,440.73,440.73,6.0,3,Printer,Credit Card,Google,Delivered,Used_Coupon,7
C85993,688,1,2189.28,2189.28,8.0,4,Tablet,Cash,Instagram,Returned,Used_Coupon,5
C86064,726,1,834.1200000000001,834.1200000000001,5.0,3,Desk,Online,Instagram,Delivered,Used_Coupon,1
C86266,342,1,1618.32,1618.32,5.0,4,Chair,Cash,Instagram,Shipped,Used_Coupon,3
C86374,664,1,1363.85,1363.85,7.0,5,Desk,Cash,Email,Pending,Used_Coupon,1
C86408,865,1,84.28,84.28,4.0,4,Tablet,Gift Card,Google,Delivered,Used_Coupon,5
C86481,727,1,171.59,171.59,5.0,1,Phone,Credit Card,Email,Pending,Used_Coupon,0
C86524,594,1,732.46,732.46,2.0,2,Chair,Cash,Email,Shipped,Used_Coupon,3
C86762,256,1,2043.65,2043.65,10.0,5,Monitor,Gift Card,Instagram,Delivered,Used_Coupon,4
C86773,753,1,789.44,789.44,9.0,4,Phone,Gift Card,Instagram,Returned,Used_Coupon,0
C86864,74,1,92.72,92.72,4.0,2,Printer,Gift Card,Google,Returned,Used_Coupon,7
C87011,864,1,101.16,101.16,8.0,4,Monitor,Credit Card,Google,Pending,Used_Coupon,4
C87051,767,1,72.31,72.31,1.0,1,Printer,Gift Card,Facebook,Cancelled,Used_Coupon,7
C87124,441,1,198.51,198.51,5.0,1,Phone,Credit Card,Instagram,Returned,Used_Coupon,0
C87181,705,1,2619.16,2619.16,9.0,4,Desk,Cash,Referral,Pending,Used_Coupon,1
C87216,836,1,1580.35,1580.35,10.0,5,Tablet,Cash,Google,Returned,Used_Coupon,5
C87281,519,1,3243.25,3243.25,7.0,5,Laptop,Online,Referral,Pending,Used_Coupon,2
C87432,11,1,1208.2,1208.2,6.0,4,Chair,Debit Card,Google,Cancelled,Used_Coupon,3
C87448,755,1,450.07,450.07,6.0,1,Phone,Gift Card,Google,Shipped,Used_Coupon,0
C87524,159,1,625.0,625.0,5.0,1,Phone,Online,Google,Returned,Used_Coupon,0
C87529,22,1,987.64,987.64,8.0,4,Chair,Online,Referral,Pending,Used_Coupon,3
C87547,166,1,380.12,380.12,8.0,4,Monitor,Online,Facebook,Shipped,Used_Coupon,4
C87687,568,1,1137.21,1137.21,3.0,3,Laptop,Gift Card,Google,Pending,Used_Coupon,2
C87764,491,1,206.82,206.82,2.0,2,Tablet,Online,Referral,Shipped,Used_Coupon,5
C87777,266,1,816.64,816.64,3.0,2,Desk,Online,Facebook,Shipped,Used_Coupon,1
C87994,635,1,2392.76,2392.76,7.0,4,Chair,Credit Card,Email,Delivered,Used_Coupon,3
C87995,301,1,1925.92,1925.92,5.0,4,Laptop,Gift Card,Instagram,Delivered,Used_Coupon,2
C88029,17,1,3277.75,3277.75,5.0,5,Chair,Online,Email,Delivered,Used_Coupon,3
C88036,891,1,1571.35,1571.35,6.0,5,Printer,Cash,Instagram,Returned,Used_Coupon,7
C88075,477,1,2651.7,2651.7,9.0,5,Chair,Online,Google,Shipped,Used_Coupon,3
C88174,550,1,18.2,18.2,4.0,1,Laptop,Debit Card,Instagram,Pending,Used_Coupon,2
C88205,377,1,3215.15,3215.15,5.0,5,Printer,Online,Referral,Cancelled,Used_Coupon,7
C88304,766,1,768.28,768.28,2.0,2,Chair,Online,Email,Returned,Used_Coupon,3
C88348,671,1,604.47,604.47,4.0,3,Laptop,Credit Card,Facebook,Returned,Used_Coupon,2
C88370,813,1,279.9,279.9,5.0,2,Monitor,Online,Instagram,Returned,Used_Coupon,4
C88371,188,1,1132.64,1132.64,6.0,4,Chair,Credit Card,Google,Shipped,Used_Coupon,3
C88463,866,1,2539.7,2539.7,9.0,5,Desk,Online,Facebook,Cancelled,Used_Coupon,1
C88546,513,1,813.84,813.84,7.0,4,Desk,Credit Card,Referral,Pending,Used_Coupon,1
C88644,856,1,392.61,392.61,4.0,1,Monitor,Gift Card,Referral,Cancelled,Used_Coupon,4
C88645,474,1,1751.16,1751.16,5.0,3,Monitor,Credit Card,Facebook,Shipped,Used_Coupon,4
C88775,681,1,1989.05,1989.05,5.0,5,Monitor,Debit Card,Referral,Returned,Used_Coupon,4
C88933,906,1,92.04,92.04,2.0,1,Tablet,Cash,Facebook,Shipped,Used_Coupon,5
C88981,879,1,2445.04,2445.04,5.0,4,Printer,Cash,Referral,Shipped,Used_Coupon,7
C89336,832,1,92.79,92.79,3.0,1,Desk,Cash,Email,Pending,Used_Coupon,1
C89559,815,1,662.84,662.84,6.0,2,Laptop,Credit Card,Google,Delivered,Used_Coupon,2
C89592,622,1,2547.9,2547.9,6.0,5,Laptop,Online,Instagram,Delivered,Used_Coupon,2
C89674,164,1,1151.66,1151.66,3.0,2,Monitor,Online,Referral,Delivered,Used_Coupon,4
C89732,434,1,406.22,406.22,5.0,1,Phone,Credit Card,Referral,Cancelled,Used_Coupon,0
C89822,579,1,410.78,410.78,1.0,1,Desk,Cash,Instagram,Cancelled,Used_Coupon,1
C89979,376,1,3170.0,3170.0,8.0,5,Phone,Gift Card,Email,Delivered,Used_Coupon,0
C90110,10,1,418.36,418.36,5.0,1,Phone,Credit Card,Email,Delivered,Used_Coupon,0
C90132,741,1,1304.65,1304.65,9.0,5,Printer,Online,Email,Delivered,Used_Coupon,7
C90142,342,1,334.39,334.39,2.0,1,Desk,Credit Card,Instagram,Returned,Used_Coupon,1
C90292,799,1,1105.28,1105.28,5.0,4,Laptop,Online,Google,Delivered,Used_Coupon,2
C90310,202,1,762.56,762.56,5.0,4,Tablet,Cash,Email,Delivered,Used_Coupon,5
C90318,147,1,1259.12,1259.12,5.0,2,Desk,Gift Card,Instagram,Cancelled,Used_Coupon,1
C90348,462,1,899.0,899.0,7.0,4,Chair,Online,Facebook,Delivered,Used_Coupon,3
C90350,774,1,367.34,367.34,6.0,2,Phone,Debit Card,Google,Cancelled,Used_Coupon,0
C90363,387,1,3044.55,3044.55,6.0,5,Chair,Gift Card,Google,Pending,Used_Coupon,3
C90431,8,1,844.68,844.68,4.0,2,Laptop,Credit Card,Instagram,Cancelled,Used_Coupon,2
C90573,708,1,438.93,438.93,3.0,1,Tablet,Gift Card,Referral,Cancelled,Used_Coupon,5
C90595,109,1,391.45,391.45,5.0,5,Phone,Credit Card,Referral,Shipped,Used_Coupon,0
C90612,519,1,1103.25,1103.25,7.0,3,Chair,Cash,Facebook,Pending,Used_Coupon,3
C90757,575,1,1979.36,1979.36,8.0,4,Tablet,Cash,Email,Returned,Used_Coupon,5
C90852,770,1,1725.03,1725.03,8.0,3,Tablet,Online,Instagram,Cancelled,Used_Coupon,5
C90898,331,1,1491.95,1491.95,7.0,5,Desk,Gift Card,Referral,Cancelled,Used_Coupon,1
C90993,388,1,153.12,153.12,4.0,4,Desk,Debit Card,Facebook,Cancelled,Used_Coupon,1
C91029,545,1,2131.48,2131.48,9.0,4,Phone,Cash,Instagram,Pending,Used_Coupon,0
C91099,237,1,1025.3,1025.3,5.0,2,Phone,Credit Card,Email,Shipped,Used_Coupon,0
C91103,745,1,1023.44,1023.44,7.0,4,Monitor,Credit Card,Email,Delivered,Used_Coupon,4
C91123,66,1,1202.24,1202.24,9.0,4,Laptop,Cash,Facebook,Cancelled,Used_Coupon,2
C91155,296,2,704.8199999999999,352.40999999999997,6.5,6,Printer,Credit Card,Email,Cancelled,Used_Coupon,6
C91201,488,1,93.0,93.0,7.0,2,Desk,Cash,Google,Returned,Used_Coupon,1
C91245,264,1,675.33,675.33,4.0,3,Tablet,Cash,Facebook,Shipped,Used_Coupon,5
C91255,442,1,851.1,851.1,8.0,5,Chair,Debit Card,Referral,Delivered,Used_Coupon,3
C91454,891,1,557.76,557.76,3.0,2,Printer,Debit Card,Referral,Pending,Used_Coupon,7
C91486,681,1,268.32,268.32,8.0,4,Tablet,Cash,Google,Returned,Used_Coupon,5
C91518,309,1,759.1500000000001,759.1500000000001,3.0,3,Tablet,Online,Instagram,Pending,Used_Coupon,5
C91582,871,1,1949.79,1949.79,7.0,3,Printer,Credit Card,Facebook,Pending,Used_Coupon,7
C91591,44,1,2609.92,2609.92,5.0,4,Desk,Cash,Instagram,Pending,Used_Coupon,1
C91805,750,1,1819.23,1819.23,7.0,3,Desk,Debit Card,Facebook,Returned,Used_Coupon,1
C91941,746,1,1188.0,1188.0,4.0,3,Printer,Gift Card,Instagram,Cancelled,Used_Coupon,7
C92049,638,1,2666.08,2666.08,8.0,4,Printer,Cash,Email,Shipped,Used_Coupon,7
C92086,144,1,749.2,749.2,3.0,2,Printer,Online,Referral,Shipped,Used_Coupon,7
C92180,609,1,977.8,977.8,7.0,2,Chair,Cash,Facebook,Delivered,Used_Coupon,3
C92294,275,1,1225.4,1225.4,7.0,4,Chair,Gift Card,Referral,Shipped,Used_Coupon,3
C92407,731,1,1672.23,1672.23,4.0,3,Laptop,Online,Email,Delivered,Used_Coupon,2
C92548,513,1,1132.25,1132.25,6.0,5,Tablet,Debit Card,Email,Returned,Used_Coupon,5
C92575,274,1,2464.7,2464.7,10.0,5,Chair,Cash,Email,Shipped,Used_Coupon,3
C92788,346,1,243.71,243.71,6.0,1,Desk,Gift Card,Google,Delivered,Used_Coupon,1
C93007,395,1,465.66,465.66,7.0,2,Phone,Gift Card,Instagram,Delivered,Used_Coupon,0
C93175,47,1,58.76,58.76,9.0,4,Monitor,Cash,Email,Cancelled,Used_Coupon,4
C93220,607,1,730.34,730.34,4.0,2,Monitor,Online,Facebook,Cancelled,Used_Coupon,4
C93276,835,1,1652.25,1652.25,10.0,5,Desk,Gift Card,Google,Shipped,Used_Coupon,1
C93309,84,1,1821.4,1821.4,5.0,5,Desk,Credit Card,Google,Cancelled,Used_Coupon,1
C93375,339,1,446.16,446.16,7.0,3,Chair,Debit Card,Google,Cancelled,Used_Coupon,3
C93379,818,1,128.85,128.85,8.0,3,Desk,Gift Card,Email,Returned,Used_Coupon,1
C93467,406,1,2219.32,2219.32,6.0,4,Laptop,Cash,Google,Returned,Used_Coupon,2
C93473,494,1,3196.85,3196.85,6.0,5,Tablet,Debit Card,Google,Pending,Used_Coupon,5
C93618,109,1,603.63,603.63,3.0,3,Printer,Online,Google,Cancelled,Used_Coupon,7
C93768,411,1,972.9000000000001,972.9000000000001,8.0,3,Tablet,Debit Card,Email,Pending,Used_Coupon,5
C93821,208,1,1075.44,1075.44,7.0,3,Chair,Gift Card,Facebook,Delivered,Used_Coupon,3
C93861,500,1,147.42,147.42,7.0,3,Monitor,Online,Email,Returned,Used_Coupon,4
C93948,250,1,336.87,336.87,6.0,3,Printer,Gift Card,Google,Shipped,Used_Coupon,7
C94037,7,1,510.28,510.28,2.0,2,Phone,Cash,Google,Shipped,Used_Coupon,0
C94248,136,1,64.66,64.66,4.0,1,Laptop,Debit Card,Instagram,Delivered,Used_Coupon,2
C94257,698,1,1394.38,1394.38,7.0,2,Printer,Cash,Email,Returned,Used_Coupon,7
C94311,346,1,2740.8,2740.8,6.0,4,Printer,Gift Card,Google,Cancelled,Used_Coupon,7
C94323,1,1,379.05,379.05,10.0,5,Chair,Gift Card,Instagram,Returned,Used_Coupon,3
C94381,884,1,1216.08,1216.08,4.0,2,Chair,Cash,Google,Cancelled,Used_Coupon,3
C94479,736,1,314.05,314.05,9.0,5,Desk,Credit Card,Facebook,Shipped,Used_Coupon,1
C94508,368,1,176.28,176.28,6.0,4,Monitor,Debit Card,Email,Pending,Used_Coupon,4
C94568,800,1,1939.4,1939.4,5.0,4,Laptop,Debit Card,Referral,Delivered,Used_Coupon,2
C94569,375,2,1675.3500000000001,837.6750000000001,2.5,3,Phone,Cash,Google,Cancelled,Used_Coupon,6
C94595,563,1,247.64,247.64,6.0,4,Desk,Gift Card,Email,Delivered,Used_Coupon,1
C94658,285,1,886.44,886.44,5.0,2,Printer,Credit Card,Facebook,Delivered,Used_Coupon,7
C94671,281,1,167.15,167.15,5.0,1,Tablet,Gift Card,Email,Shipped,Used_Coupon,5
C94698,393,1,586.62,586.62,5.0,1,Phone,Debit Card,Facebook,Shipped,Used_Coupon,0
C94921,784,1,438.2,438.2,4.0,2,Printer,Online,Referral,Pending,Used_Coupon,7
C95100,489,1,627.2,627.2,1.0,1,Phone,Online,Email,Delivered,Used_Coupon,0
C95213,872,1,1806.72,1806.72,8.0,3,Printer,Debit Card,Referral,Pending,Used_Coupon,7
C95269,842,1,389.7,389.7,5.0,2,Chair,Gift Card,Referral,Returned,Used_Coupon,3
C95271,55,1,927.6600000000001,927.6600000000001,7.0,3,Desk,Online,Google,Cancelled,Used_Coupon,1
C95568,701,1,973.4100000000001,973.4100000000001,4.0,3,Chair,Cash,Email,Delivered,Used_Coupon,3
C95623,117,1,1870.02,1870.02,3.0,3,Tablet,Online,Instagram,Cancelled,Used_Coupon,5
C95643,753,1,2426.28,2426.28,5.0,4,Desk,Debit Card,Referral,Delivered,Used_Coupon,1
C95667,223,1,463.08,463.08,7.0,4,Laptop,Online,Instagram,Pending,Used_Coupon,2
C95856,768,1,1279.76,1279.76,5.0,2,Tablet,Cash,Instagram,Delivered,Used_Coupon,5
C95901,464,1,1993.38,1993.38,4.0,3,Phone,Online,Google,Delivered,Used_Coupon,0
C95984,7,1,1033.2,1033.2,3.0,3,Printer,Online,Facebook,Cancelled,Used_Coupon,7
C96034,759,1,121.08,121.08,9.0,4,Desk,Online,Google,Delivered,Used_Coupon,1
C96136,318,1,1946.1,1946.1,7.0,5,Tablet,Cash,Referral,Cancelled,Used_Coupon,5
C96257,826,1,1803.0,1803.0,6.0,4,Tablet,Credit Card,Email,Shipped,Used_Coupon,5
C96261,27,1,970.74,970.74,5.0,2,Phone,Credit Card,Email,Shipped,Used_Coupon,0
C96283,708,1,924.03,924.03,3.0,3,Desk,Cash,Facebook,Pending,Used_Coupon,1
C96434,31,1,2536.2,2536.2,6.0,4,Printer,Cash,Google,Shipped,Used_Coupon,7
C96494,701,1,179.22,179.22,6.0,1,Tablet,Online,Instagram,Cancelled,Used_Coupon,5
C96583,282,1,139.36,139.36,8.0,4,Printer,Credit Card,Email,Shipped,Used_Coupon,7
C96595,634,1,1719.66,1719.66,5.0,3,Chair,Debit Card,Email,Pending,Used_Coupon,3
C96636,133,1,39.56,39.56,5.0,1,Desk,Debit Card,Google,Cancelled,Used_Coupon,1
C96664,124,1,769.3799999999999,769.3799999999999,4.0,3,Printer,Credit Card,Referral,Delivered,Used_Coupon,7
C96695,149,1,564.86,564.86,6.0,1,Chair,Debit Card,Referral,Shipped,Used_Coupon,3
C96787,442,1,1066.04,1066.04,2.0,2,Laptop,Gift Card,Facebook,Shipped,Used_Coupon,2
C96822,882,1,989.56,989.56,2.0,2,Printer,Online,Google,Shipped,Used_Coupon,7
C97148,338,1,1135.16,1135.16,8.0,4,Printer,Online,Google,Pending,Used_Coupon,7
C97187,730,1,670.54,670.54,6.0,1,Laptop,Cash,Referral,Shipped,Used_Coupon,2
C97218,116,1,2300.7,2300.7,10.0,5,Monitor,Credit Card,Facebook,Returned,Used_Coupon,4
C97262,899,1,1724.04,1724.04,7.0,4,Desk,Credit Card,Referral,Returned,Used_Coupon,1
C97454,522,1,698.8,698.8,2.0,2,Printer,Online,Instagram,Shipped,Used_Coupon,7
C97485,611,1,915.64,915.64,4.0,4,Laptop,Cash,Google,Shipped,Used_Coupon,2
C97593,495,2,2855.2200000000003,1427.6100000000001,7.0,5,Printer,Debit Card,Facebook,Pending,Used_Coupon,6
C97603,293,1,2373.08,2373.08,5.0,4,Chair,Online,Facebook,Shipped,Used_Coupon,3
C97643,842,1,2051.0,2051.0,8.0,4,Laptop,Debit Card,Google,Returned,Used_Coupon,2
C97681,24,1,2166.3,2166.3,9.0,5,Tablet,Credit Card,Google,Delivered,Used_Coupon,5
C97715,108,1,727.82,727.82,2.0,2,Chair,Gift Card,Referral,Shipped,Used_Coupon,3
C97735,549,1,408.5,408.5,6.0,5,Monitor,Credit Card,Instagram,Delivered,Used_Coupon,4
C97749,329,1,1026.06,1026.06,5.0,3,Desk,Debit Card,Email,Pending,Used_Coupon,1
C97774,156,1,1807.88,1807.88,7.0,4,Monitor,Online,Email,Cancelled,Used_Coupon,4
C97907,308,1,1758.63,1758.63,4.0,3,Printer,Gift Card,Referral,Pending,Used_Coupon,7
C98096,866,1,635.54,635.54,4.0,2,Desk,Debit Card,Facebook,Cancelled,Used_Coupon,1
C98168,908,1,2103.5,2103.5,5.0,5,Phone,Cash,Facebook,Pending,Used_Coupon,0
C98216,839,1,2463.75,2463.75,6.0,5,Laptop,Cash,Referral,Shipped,Used_Coupon,2
C98276,407,1,14.06,14.06,5.0,1,Phone,Credit Card,Referral,Pending,Used_Coupon,0
C98278,396,1,1241.49,1241.49,8.0,3,Phone,Gift Card,Facebook,Shipped,Used_Coupon,0
C98317,197,1,2786.84,2786.84,4.0,4,Monitor,Debit Card,Instagram,Shipped,Used_Coupon,4
C98332,885,1,1316.67,1316.67,3.0,3,Laptop,Cash,Facebook,Returned,Used_Coupon,2
C98354,765,1,151.02,151.02,3.0,3,Phone,Gift Card,Instagram,Returned,Used_Coupon,0
C98450,348,1,357.64,357.64,9.0,4,Chair,Online,Google,Pending,Used_Coupon,3
C98474,393,2,2175.34,1087.67,5.5,6,Chair,Debit Card,Instagram,Pending,Used_Coupon,6
C98483,446,1,110.7,110.7,10.0,5,Printer,Cash,Instagram,Returned,Used_Coupon,7
C98635,83,1,538.68,538.68,6.0,1,Printer,Debit Card,Referral,Returned,Used_Coupon,7
C98761,613,1,1994.04,1994.04,4.0,4,Chair,Debit Card,Google,Shipped,Used_Coupon,3
C99023,226,1,1371.8,1371.8,6.0,4,Monitor,Cash,Google,Delivered,Used_Coupon,4
C99024,219,1,684.65,684.65,1.0,1,Laptop,Credit Card,Email,Delivered,Used_Coupon,2
C99050,94,1,1201.14,1201.14,3.0,2,Printer,Debit Card,Instagram,Returned,Used_Coupon,7
C99116,785,1,2746.44,2746.44,6.0,4,Laptop,Cash,Referral,Shipped,Used_Coupon,2
C99128,304,1,138.33,138.33,5.0,3,Chair,Gift Card,Referral,Returned,Used_Coupon,3
C99173,161,1,1070.52,1070.52,5.0,3,Printer,Online,Instagram,Shipped,Used_Coupon,7
C99205,3,1,1024.66,1024.66,7.0,2,Phone,Cash,Facebook,Cancelled,Used_Coupon,0
C99214,9,1,97.85999999999999,97.85999999999999,6.0,3,Chair,Debit Card,Facebook,Delivered,Used_Coupon,3
C99217,578,1,1435.65,1435.65,10.0,5,Tablet,Online,Email,Shipped,Used_Coupon,5
C99271,591,1,226.58,226.58,5.0,2,Monitor,Cash,Facebook,Pending,Used_Coupon,4
C99533,833,1,678.01,678.01,4.0,1,Monitor,Cash,Referral,Pending,Used_Coupon,4
C99589,7,1,641.39,641.39,1.0,1,Tablet,Online,Referral,Cancelled,Used_Coupon,5
C99683,159,1,1663.2,1663.2,10.0,5,Monitor,Gift Card,Referral,Delivered,Used_Coupon,4
C99775,665,1,1654.84,1654.84,9.0,4,Laptop,Gift Card,Facebook,Cancelled,Used_Coupon,2
C99879,475,1,821.8799999999999,821.8799999999999,8.0,3,Phone,Debit Card,Google,Returned,Used_Coupon,0
C99904,69,1,646.74,646.74,3.0,2,Printer,Online,Instagram,Pending,Used_Coupon,7
